date,1a. open (USD),1b. open (USD),2a. high (USD),2b. high (USD),3a. low (USD),3b. low (USD),4a. close (USD),4b. close (USD),5. volume,6. market cap (USD)
2023-01-04,1214.56,1214.56,1228.85,1228.85,1212.71,1212.71,1225.36,1225.36,30863.6308,30863.6308
2023-01-03,1213.99,1213.99,1219.89,1219.89,1204.93,1204.93,1214.55,1214.55,205519.4944,205519.4944
2023-01-02,1200.33,1200.33,1224.29,1224.29,1193.0,1193.0,1214.0,1214.0,252794.14,252794.14
2023-01-01,1196.13,1196.13,1204.67,1204.67,1190.57,1190.57,1200.34,1200.34,117762.0685,117762.0685
2022-12-31,1199.98,1199.98,1208.46,1208.46,1191.66,1191.66,1196.13,1196.13,139379.2811,139379.2811
2022-12-30,1200.48,1200.48,1202.15,1202.15,1181.08,1181.08,1199.99,1199.99,266014.2115,266014.2115
2022-12-29,1190.15,1190.15,1206.57,1206.57,1186.77,1186.77,1200.49,1200.49,249130.4869,249130.4869
2022-12-28,1211.55,1211.55,1215.78,1215.78,1181.06,1181.06,1190.15,1190.15,367828.8914,367828.8914
2022-12-27,1228.12,1228.12,1233.73,1233.73,1200.58,1200.58,1211.55,1211.55,262437.6398,262437.6398
2022-12-26,1218.52,1218.52,1231.09,1231.09,1211.67,1211.67,1228.11,1228.11,162723.0857,162723.0857
2022-12-25,1220.42,1220.42,1225.0,1225.0,1193.18,1193.18,1218.51,1218.51,231652.0612,231652.0612
2022-12-24,1219.98,1219.98,1227.99,1227.99,1214.69,1214.69,1220.41,1220.41,123701.5301,123701.5301
2022-12-23,1217.72,1217.72,1231.99,1231.99,1210.0,1210.0,1219.99,1219.99,278604.2882,278604.2882
2022-12-22,1213.78,1213.78,1237.99,1237.99,1182.54,1182.54,1217.71,1217.71,336761.6598,336761.6598
2022-12-21,1216.95,1216.95,1223.39,1223.39,1203.02,1203.02,1213.78,1213.78,245723.8377,245723.8377
2022-12-20,1167.82,1167.82,1230.47,1230.47,1163.12,1163.12,1216.94,1216.94,465184.1943,465184.1943
2022-12-19,1183.06,1183.06,1195.0,1195.0,1150.51,1150.51,1167.82,1167.82,296832.7228,296832.7228
2022-12-18,1187.16,1187.16,1199.54,1199.54,1170.32,1170.32,1183.06,1183.06,252260.144,252260.144
2022-12-17,1166.82,1166.82,1190.03,1190.03,1161.92,1161.92,1187.16,1187.16,328881.6281,328881.6281
2022-12-16,1266.53,1266.53,1280.06,1280.06,1155.32,1155.32,1166.83,1166.83,751422.2779,751422.2779
2022-12-15,1307.45,1307.45,1311.14,1311.14,1259.27,1259.27,1266.54,1266.54,390051.2447,390051.2447
2022-12-14,1320.69,1320.69,1352.72,1352.72,1301.0,1301.0,1307.44,1307.44,554465.5717,554465.5717
2022-12-13,1275.41,1275.41,1349.0,1349.0,1255.1,1255.1,1320.69,1320.69,659393.8825,659393.8825
2022-12-12,1263.0,1263.0,1278.9,1278.9,1240.03,1240.03,1275.4,1275.4,363750.5481,363750.5481
2022-12-11,1266.35,1266.35,1284.75,1284.75,1255.85,1255.85,1263.01,1263.01,180494.902,180494.902
2022-12-10,1263.11,1263.11,1283.61,1283.61,1259.6,1259.6,1266.35,1266.35,182278.6396,182278.6396
2022-12-09,1280.18,1280.18,1296.64,1296.64,1250.0,1250.0,1263.1,1263.1,406008.0032,406008.0032
2022-12-08,1231.18,1231.18,1292.58,1292.58,1222.01,1222.01,1280.18,1280.18,406653.5447,406653.5447
2022-12-07,1271.31,1271.31,1278.69,1278.69,1218.01,1218.01,1231.18,1231.18,398559.5166,398559.5166
2022-12-06,1259.41,1259.41,1274.76,1274.76,1241.56,1241.56,1271.32,1271.32,301631.839,301631.839
2022-12-05,1279.4,1279.4,1305.11,1305.11,1246.61,1246.61,1259.41,1259.41,391628.5166,391628.5166
2022-12-04,1240.5,1240.5,1287.19,1287.19,1240.1,1240.1,1279.41,1279.41,324129.5466,324129.5466
2022-12-03,1295.58,1295.58,1309.0,1309.0,1236.26,1236.26,1240.51,1240.51,347148.2588,347148.2588
2022-12-02,1276.4,1276.4,1297.18,1297.18,1265.24,1265.24,1295.59,1295.59,371559.585,371559.585
2022-12-01,1294.46,1294.46,1299.9,1299.9,1262.77,1262.77,1276.41,1276.41,430018.7391,430018.7391
2022-11-30,1216.49,1216.49,1309.77,1309.77,1212.5,1212.5,1294.46,1294.46,815679.2717,815679.2717
2022-11-29,1167.77,1167.77,1228.37,1228.37,1158.27,1158.27,1216.49,1216.49,512143.5861,512143.5861
2022-11-28,1193.88,1193.88,1199.25,1199.25,1151.02,1151.02,1167.77,1167.77,478795.6093,478795.6093
2022-11-27,1205.61,1205.61,1223.33,1223.33,1188.65,1188.65,1193.88,1193.88,286386.7986,286386.7986
2022-11-26,1199.29,1199.29,1235.66,1235.66,1196.2,1196.2,1205.6,1205.6,379840.8116,379840.8116
2022-11-25,1203.72,1203.72,1207.77,1207.77,1171.2,1171.2,1199.3,1199.3,391430.1658,391430.1658
2022-11-24,1184.52,1184.52,1217.71,1217.71,1180.6,1180.6,1203.73,1203.73,486080.6123,486080.6123
2022-11-23,1139.59,1139.59,1190.0,1190.0,1127.75,1127.75,1184.52,1184.52,636927.1594,636927.1594
2022-11-22,1107.34,1107.34,1146.13,1146.13,1075.0,1075.0,1139.6,1139.6,748884.5791,748884.5791
2022-11-21,1142.21,1142.21,1146.99,1146.99,1079.76,1079.76,1107.34,1107.34,922647.9454,922647.9454
2022-11-20,1217.67,1217.67,1227.07,1227.07,1132.65,1132.65,1142.21,1142.21,531108.7607,531108.7607
2022-11-19,1212.58,1212.58,1235.0,1235.0,1197.67,1197.67,1217.67,1217.67,209789.5888,209789.5888
2022-11-18,1200.42,1200.42,1234.0,1234.0,1199.18,1199.18,1212.58,1212.58,360218.5337,360218.5337
2022-11-17,1216.16,1216.16,1228.22,1228.22,1181.05,1181.05,1200.43,1200.43,530537.3488,530537.3488
2022-11-16,1253.22,1253.22,1268.67,1268.67,1187.06,1187.06,1216.17,1216.17,673339.7215,673339.7215
2022-11-15,1243.29,1243.29,1291.0,1291.0,1234.01,1234.01,1253.23,1253.23,632825.568,632825.568
2022-11-14,1221.5,1221.5,1291.2,1291.2,1171.13,1171.13,1243.28,1243.28,934742.0059,934742.0059
2022-11-13,1257.25,1257.25,1274.23,1274.23,1200.66,1200.66,1221.49,1221.49,547410.5304,547410.5304
2022-11-12,1289.35,1289.35,1292.16,1292.16,1238.7,1238.7,1257.25,1257.25,547772.9172,547772.9172
2022-11-11,1299.28,1299.28,1310.0,1310.0,1201.26,1201.26,1289.28,1289.28,1308087.1498,1308087.1498
2022-11-10,1102.73,1102.73,1350.0,1350.0,1085.93,1085.93,1299.28,1299.28,1975955.6767,1975955.6767
2022-11-09,1334.78,1334.78,1337.16,1337.16,1073.53,1073.53,1102.73,1102.73,2494797.9357,2494797.9357
2022-11-08,1568.09,1568.09,1579.98,1579.98,1233.0,1233.0,1334.77,1334.77,2339916.5089,2339916.5089
2022-11-07,1568.25,1568.25,1608.04,1608.04,1545.03,1545.03,1568.1,1568.1,642409.4494,642409.4494
2022-11-06,1626.98,1626.98,1639.02,1639.02,1564.39,1564.39,1568.29,1568.29,414863.9525,414863.9525
2022-11-05,1644.78,1644.78,1666.97,1666.97,1621.42,1621.42,1626.98,1626.98,351385.5362,351385.5362
2022-11-04,1531.01,1531.01,1680.0,1680.0,1528.4,1528.4,1644.78,1644.78,935531.4781,935531.4781
2022-11-03,1518.33,1518.33,1559.01,1559.01,1515.17,1515.17,1531.01,1531.01,560202.8813,560202.8813
2022-11-02,1578.47,1578.47,1621.68,1621.68,1502.32,1502.32,1518.34,1518.34,981395.3648,981395.3648
2022-11-01,1572.69,1572.69,1612.92,1612.92,1563.69,1563.69,1578.48,1578.48,527539.2965,527539.2965
2022-10-31,1590.45,1590.45,1635.8,1635.8,1545.43,1545.43,1572.69,1572.69,810334.2414,810334.2414
2022-10-30,1619.55,1619.55,1640.06,1640.06,1576.56,1576.56,1590.44,1590.44,476036.4243,476036.4243
2022-10-29,1554.4,1554.4,1663.06,1663.06,1547.66,1547.66,1619.55,1619.55,914161.0846,914161.0846
2022-10-28,1514.04,1514.04,1574.9,1574.9,1479.82,1479.82,1554.41,1554.41,858954.4425,858954.4425
2022-10-27,1566.11,1566.11,1578.58,1578.58,1503.2,1503.2,1514.05,1514.05,869454.4851,869454.4851
2022-10-26,1459.74,1459.74,1594.99,1594.99,1457.44,1457.44,1566.1,1566.1,1236044.7023,1236044.7023
2022-10-25,1343.61,1343.61,1525.16,1525.16,1334.94,1334.94,1459.74,1459.74,1127932.9012,1127932.9012
2022-10-24,1364.19,1364.19,1370.6,1370.6,1324.17,1324.17,1343.61,1343.61,611830.797,611830.797
2022-10-23,1313.62,1313.62,1371.55,1371.55,1299.44,1299.44,1364.2,1364.2,432269.46,432269.46
2022-10-22,1299.76,1299.76,1320.2,1320.2,1294.32,1294.32,1313.61,1313.61,221776.7007,221776.7007
2022-10-21,1282.57,1282.57,1306.97,1306.97,1252.65,1252.65,1299.75,1299.75,468076.7986,468076.7986
2022-10-20,1285.09,1285.09,1310.87,1310.87,1270.36,1270.36,1282.57,1282.57,428531.6103,428531.6103
2022-10-19,1310.71,1310.71,1313.5,1313.5,1280.31,1280.31,1285.09,1285.09,368637.5105,368637.5105
2022-10-18,1331.39,1331.39,1341.73,1341.73,1286.72,1286.72,1310.71,1310.71,572728.9189,572728.9189
2022-10-17,1305.96,1305.96,1338.57,1338.57,1295.64,1295.64,1331.4,1331.4,459848.4941,459848.4941
2022-10-16,1274.93,1274.93,1315.35,1315.35,1274.67,1274.67,1305.95,1305.95,293321.3632,293321.3632
2022-10-15,1296.26,1296.26,1301.69,1301.69,1263.64,1263.64,1274.92,1274.92,287100.9529,287100.9529
2022-10-14,1287.08,1287.08,1343.12,1343.12,1283.39,1283.39,1296.27,1296.27,669742.8093,669742.8093
2022-10-13,1294.44,1294.44,1301.58,1301.58,1190.0,1190.0,1287.08,1287.08,945618.3163,945618.3163
2022-10-12,1280.11,1280.11,1306.87,1306.87,1275.25,1275.25,1294.44,1294.44,369712.5759,369712.5759
2022-10-11,1290.03,1290.03,1298.0,1298.0,1267.01,1267.01,1280.11,1280.11,429430.3941,429430.3941
2022-10-10,1323.13,1323.13,1338.0,1338.0,1288.0,1288.0,1290.03,1290.03,393663.0114,393663.0114
2022-10-09,1315.48,1315.48,1329.0,1329.0,1307.26,1307.26,1323.13,1323.13,186201.9185,186201.9185
2022-10-08,1331.1,1331.1,1337.35,1337.35,1303.51,1303.51,1315.48,1315.48,203391.6612,203391.6612
2022-10-07,1352.07,1352.07,1361.75,1361.75,1317.26,1317.26,1331.1,1331.1,491999.8776,491999.8776
2022-10-06,1352.2,1352.2,1383.99,1383.99,1345.01,1345.01,1352.06,1352.06,573975.324,573975.324
2022-10-05,1361.5,1361.5,1364.77,1364.77,1316.29,1316.29,1352.2,1352.2,483508.7782,483508.7782
2022-10-04,1323.1,1323.1,1369.55,1369.55,1318.66,1318.66,1361.49,1361.49,476207.6702,476207.6702
2022-10-03,1276.72,1276.72,1329.9,1329.9,1263.04,1263.04,1323.09,1323.09,483775.2435,483775.2435
2022-10-02,1311.79,1311.79,1317.93,1317.93,1270.0,1270.0,1276.72,1276.72,371740.0407,371740.0407
2022-10-01,1328.71,1328.71,1333.69,1333.69,1302.68,1302.68,1311.79,1311.79,252081.9056,252081.9056
2022-09-30,1335.69,1335.69,1373.19,1373.19,1313.35,1313.35,1328.72,1328.72,740753.611,740753.611
2022-09-29,1337.2,1337.2,1352.02,1352.02,1288.52,1288.52,1335.7,1335.7,770591.6895,770591.6895
2022-09-28,1328.01,1328.01,1355.7,1355.7,1253.2,1253.2,1337.2,1337.2,919314.9131,919314.9131
2022-09-27,1336.17,1336.17,1400.0,1400.0,1303.75,1303.75,1328.02,1328.02,860584.8944,860584.8944
2022-09-26,1294.62,1294.62,1340.42,1340.42,1277.85,1277.85,1336.17,1336.17,799166.4333,799166.4333
2022-09-25,1317.13,1317.13,1337.0,1337.0,1269.27,1269.27,1294.63,1294.63,515533.8409,515533.8409
2022-09-24,1327.24,1327.24,1349.33,1349.33,1306.52,1306.52,1317.13,1317.13,517557.3497,517557.3497
2022-09-23,1326.47,1326.47,1360.0,1360.0,1262.15,1262.15,1327.25,1327.25,974052.3644,974052.3644
2022-09-22,1245.79,1245.79,1350.08,1350.08,1237.32,1237.32,1326.46,1326.46,904282.2725,904282.2725
2022-09-21,1322.94,1322.94,1408.9,1408.9,1220.0,1220.0,1245.78,1245.78,1192266.7379,1192266.7379
2022-09-20,1375.98,1375.98,1384.78,1384.78,1312.71,1312.71,1322.93,1322.93,658027.1465,658027.1465
2022-09-19,1334.51,1334.51,1393.35,1393.35,1280.0,1280.0,1375.98,1375.98,974855.198,974855.198
2022-09-18,1468.82,1468.82,1469.63,1469.63,1325.55,1325.55,1334.51,1334.51,804113.468,804113.468
2022-09-17,1433.9,1433.9,1476.13,1476.13,1409.12,1409.12,1468.83,1468.83,421391.3743,421391.3743
2022-09-16,1472.76,1472.76,1483.35,1483.35,1405.52,1405.52,1433.9,1433.9,693597.2425,693597.2425
2022-09-15,1638.4,1638.4,1655.2,1655.2,1458.0,1458.0,1472.75,1472.75,1335499.8047,1335499.8047
2022-09-14,1574.4,1574.4,1647.01,1647.01,1552.38,1552.38,1638.39,1638.39,764562.5393,764562.5393
2022-09-13,1716.37,1716.37,1760.51,1760.51,1560.54,1560.54,1574.4,1574.4,1134549.7256,1134549.7256
2022-09-12,1766.12,1766.12,1783.0,1783.0,1693.0,1693.0,1716.37,1716.37,630774.6032,630774.6032
2022-09-11,1774.12,1774.12,1789.0,1789.0,1720.1,1720.1,1766.11,1766.11,409287.7263,409287.7263
2022-09-10,1718.24,1718.24,1789.0,1789.0,1706.03,1706.03,1774.12,1774.12,411046.2466,411046.2466
2022-09-09,1635.37,1635.37,1746.13,1746.13,1630.51,1630.51,1718.23,1718.23,837458.2126,837458.2126
2022-09-08,1630.0,1630.0,1663.56,1663.56,1595.06,1595.06,1635.37,1635.37,645124.0085,645124.0085
2022-09-07,1559.01,1559.01,1657.5,1657.5,1490.66,1490.66,1630.0,1630.0,850991.4243,850991.4243
2022-09-06,1617.8,1617.8,1687.4,1687.4,1555.0,1555.0,1559.01,1559.01,1010722.8578,1010722.8578
2022-09-05,1579.29,1579.29,1631.99,1631.99,1556.56,1556.56,1617.8,1617.8,503492.937,503492.937
2022-09-04,1557.45,1557.45,1583.66,1583.66,1540.66,1540.66,1579.28,1579.28,296591.1166,296591.1166
2022-09-03,1575.35,1575.35,1582.71,1582.71,1534.28,1534.28,1557.46,1557.46,321397.2189,321397.2189
2022-09-02,1586.17,1586.17,1650.0,1650.0,1546.41,1546.41,1575.35,1575.35,919009.6598,919009.6598
2022-09-01,1554.11,1554.11,1599.0,1599.0,1512.77,1512.77,1586.16,1586.16,728710.482,728710.482
2022-08-31,1524.59,1524.59,1619.78,1619.78,1524.59,1524.59,1554.1,1554.1,949227.6775,949227.6775
2022-08-30,1551.79,1551.79,1606.13,1606.13,1473.61,1473.61,1524.59,1524.59,1003075.0172,1003075.0172
2022-08-29,1426.76,1426.76,1559.99,1559.99,1422.08,1422.08,1551.8,1551.8,826252.0831,826252.0831
2022-08-28,1491.06,1491.06,1511.0,1511.0,1424.0,1424.0,1426.76,1426.76,544846.4486,544846.4486
2022-08-27,1508.18,1508.18,1518.42,1518.42,1447.52,1447.52,1491.06,1491.06,756136.6768,756136.6768
2022-08-26,1695.11,1695.11,1706.45,1706.45,1486.85,1486.85,1508.18,1508.18,1149912.8292,1149912.8292
2022-08-25,1656.56,1656.56,1722.0,1722.0,1653.68,1653.68,1695.11,1695.11,603090.713,603090.713
2022-08-24,1665.4,1665.4,1694.13,1694.13,1604.92,1604.92,1656.56,1656.56,744667.6078,744667.6078
2022-08-23,1624.65,1624.65,1676.07,1676.07,1563.76,1563.76,1665.41,1665.41,940246.932,940246.932
2022-08-22,1618.13,1618.13,1629.72,1629.72,1529.92,1529.92,1624.66,1624.66,941192.8954,941192.8954
2022-08-21,1576.03,1576.03,1646.52,1646.52,1562.34,1562.34,1618.13,1618.13,780662.6062,780662.6062
2022-08-20,1609.0,1609.0,1657.08,1657.08,1523.67,1523.67,1576.04,1576.04,914615.9226,914615.9226
2022-08-19,1846.39,1846.39,1848.0,1848.0,1602.37,1602.37,1609.01,1609.01,1419826.9515,1419826.9515
2022-08-18,1834.24,1834.24,1882.37,1882.37,1821.25,1821.25,1846.39,1846.39,606254.024,606254.024
2022-08-17,1876.67,1876.67,1959.43,1959.43,1818.74,1818.74,1834.25,1834.25,951824.8975,951824.8975
2022-08-16,1899.05,1899.05,1915.0,1915.0,1853.0,1853.0,1876.67,1876.67,622729.1499,622729.1499
2022-08-15,1935.32,1935.32,2012.47,2012.47,1872.31,1872.31,1899.06,1899.06,949162.3305,949162.3305
2022-08-14,1983.55,1983.55,2030.0,2030.0,1906.0,1906.0,1935.31,1935.31,569583.4852,569583.4852
2022-08-13,1958.28,1958.28,2020.0,2020.0,1946.5,1946.5,1983.55,1983.55,695876.0293,695876.0293
2022-08-12,1880.19,1880.19,1964.71,1964.71,1853.06,1853.06,1958.28,1958.28,717628.1015,717628.1015
2022-08-11,1853.58,1853.58,1942.0,1942.0,1850.32,1850.32,1880.19,1880.19,1105261.9009,1105261.9009
2022-08-10,1702.76,1702.76,1885.0,1885.0,1656.78,1656.78,1853.57,1853.57,1317767.5127,1317767.5127
2022-08-09,1777.05,1777.05,1790.83,1790.83,1667.93,1667.93,1702.76,1702.76,818171.1019,818171.1019
2022-08-08,1700.2,1700.2,1818.0,1818.0,1693.87,1693.87,1777.05,1777.05,781620.5443,781620.5443
2022-08-07,1690.6,1690.6,1729.79,1729.79,1668.0,1668.0,1700.19,1700.19,439904.764,439904.764
2022-08-06,1736.81,1736.81,1749.93,1749.93,1685.26,1685.26,1690.6,1690.6,523314.6444,523314.6444
2022-08-05,1607.97,1607.97,1742.07,1742.07,1605.64,1605.64,1736.81,1736.81,1005846.4712,1005846.4712
2022-08-04,1618.16,1618.16,1662.79,1662.79,1580.39,1580.39,1607.96,1607.96,735552.181,735552.181
2022-08-03,1630.91,1630.91,1685.03,1685.03,1589.71,1589.71,1618.16,1618.16,777724.7413,777724.7413
2022-08-02,1630.28,1630.28,1678.0,1678.0,1559.28,1559.28,1630.91,1630.91,1081964.5104,1081964.5104
2022-08-01,1678.12,1678.12,1704.68,1704.68,1606.12,1606.12,1630.28,1630.28,801566.5648,801566.5648
2022-07-31,1697.0,1697.0,1754.69,1754.69,1666.0,1666.0,1678.12,1678.12,696326.8079,696326.8079
2022-07-30,1721.68,1721.68,1744.85,1744.85,1673.01,1673.01,1697.0,1697.0,735132.5286,735132.5286
2022-07-29,1724.52,1724.52,1765.99,1765.99,1655.02,1655.02,1721.68,1721.68,1205266.5703,1205266.5703
2022-07-28,1635.74,1635.74,1784.79,1784.79,1593.27,1593.27,1724.52,1724.52,1578145.07555,1578145.07555
2022-07-27,1449.12,1449.12,1644.44,1644.44,1420.83,1420.83,1635.74,1635.74,1513426.0413,1513426.0413
2022-07-26,1440.79,1440.79,1454.11,1454.11,1356.17,1356.17,1449.12,1449.12,1199643.7408,1199643.7408
2022-07-25,1597.7,1597.7,1609.55,1609.55,1435.58,1435.58,1440.79,1440.79,1418390.9809,1418390.9809
2022-07-24,1548.66,1548.66,1664.34,1664.34,1545.67,1545.67,1597.7,1597.7,1009935.8997,1009935.8997
2022-07-23,1535.27,1535.27,1596.51,1596.51,1488.0,1488.0,1548.67,1548.67,851284.7339,851284.7339
2022-07-22,1575.45,1575.45,1650.05,1650.05,1516.11,1516.11,1535.27,1535.27,1170723.0873,1170723.0873
2022-07-21,1521.63,1521.63,1605.98,1605.98,1463.56,1463.56,1575.45,1575.45,1247327.4963,1247327.4963
2022-07-20,1542.33,1542.33,1620.4,1620.4,1484.23,1484.23,1521.58,1521.58,1351177.4247,1351177.4247
2022-07-19,1581.03,1581.03,1631.0,1631.0,1493.11,1493.11,1542.32,1542.32,1846048.6816,1846048.6816
2022-07-18,1338.65,1338.65,1597.47,1597.47,1336.07,1336.07,1581.04,1581.04,2029918.76521,2029918.76521
2022-07-17,1355.84,1355.84,1387.0,1387.0,1319.04,1319.04,1338.65,1338.65,1246202.8795,1246202.8795
2022-07-16,1231.25,1231.25,1422.91,1422.91,1191.23,1191.23,1355.85,1355.85,1493809.9226,1493809.9226
2022-07-15,1193.42,1193.42,1287.82,1287.82,1181.05,1181.05,1231.25,1231.25,1466037.2584,1466037.2584
2022-07-14,1115.01,1115.01,1214.65,1214.65,1072.11,1072.11,1193.42,1193.42,1605101.9262,1605101.9262
2022-07-13,1038.58,1038.58,1119.18,1119.18,1006.32,1006.32,1115.0,1115.0,2035605.8299,2035605.8299
2022-07-12,1096.37,1096.37,1098.26,1098.26,1033.46,1033.46,1038.58,1038.58,1261349.6321,1261349.6321
2022-07-11,1168.37,1168.37,1171.29,1171.29,1091.71,1091.71,1096.4,1096.4,1201652.3048,1201652.3048
2022-07-10,1217.02,1217.02,1219.95,1219.95,1153.0,1153.0,1168.36,1168.36,1018038.6506,1018038.6506
2022-07-09,1214.03,1214.03,1235.4,1235.4,1204.67,1204.67,1217.02,1217.02,576337.1809,576337.1809
2022-07-08,1237.49,1237.49,1276.46,1276.46,1193.15,1193.15,1214.04,1214.04,1189518.3631,1189518.3631
2022-07-07,1186.57,1186.57,1254.29,1254.29,1163.18,1163.18,1237.49,1237.49,1001316.079,1001316.079
2022-07-06,1132.51,1132.51,1205.0,1205.0,1111.44,1111.44,1186.57,1186.57,1211768.0757,1211768.0757
2022-07-05,1151.01,1151.01,1174.9,1174.9,1076.34,1076.34,1132.5,1132.5,1398961.4495,1398961.4495
2022-07-04,1074.26,1074.26,1160.9,1160.9,1045.37,1045.37,1151.0,1151.0,1150108.9861,1150108.9861
2022-07-03,1067.01,1067.01,1088.34,1088.34,1040.78,1040.78,1074.26,1074.26,644746.3337,644746.3337
2022-07-02,1059.73,1059.73,1078.88,1078.88,1028.29,1028.29,1067.01,1067.01,714812.0804,714812.0804
2022-07-01,1071.02,1071.02,1117.0,1117.0,1033.44,1033.44,1059.73,1059.73,1562255.1439,1562255.1439
2022-06-30,1100.21,1100.21,1106.62,1106.62,998.0,998.0,1071.01,1071.01,1420670.3656,1420670.3656
2022-06-29,1144.05,1144.05,1156.8,1156.8,1087.42,1087.42,1100.21,1100.21,1295517.796,1295517.796
2022-06-28,1192.51,1192.51,1237.99,1237.99,1136.32,1136.32,1144.05,1144.05,1104065.2211,1104065.2211
2022-06-27,1197.79,1197.79,1238.93,1238.93,1172.49,1172.49,1192.51,1192.51,868734.2061,868734.2061
2022-06-26,1242.31,1242.31,1280.0,1280.0,1194.6,1194.6,1197.79,1197.79,884184.273,884184.273
2022-06-25,1225.02,1225.02,1256.77,1256.77,1180.0,1180.0,1242.36,1242.36,861986.6177,861986.6177
2022-06-24,1144.71,1144.71,1245.43,1245.43,1132.0,1132.0,1225.02,1225.02,1337137.483,1337137.483
2022-06-23,1050.19,1050.19,1155.0,1155.0,1045.3,1045.3,1144.72,1144.72,1278257.0899,1278257.0899
2022-06-22,1125.86,1125.86,1127.33,1127.33,1043.65,1043.65,1050.19,1050.19,1306959.8593,1306959.8593
2022-06-21,1128.24,1128.24,1194.0,1194.0,1109.23,1109.23,1125.85,1125.85,1306095.3757,1306095.3757
2022-06-20,1128.53,1128.53,1170.0,1170.0,1053.0,1053.0,1128.24,1128.24,1721772.9132,1721772.9132
2022-06-19,995.12,995.12,1158.62,1158.62,936.15,936.15,1128.53,1128.53,2018599.4499,2018599.4499
2022-06-18,1086.93,1086.93,1097.58,1097.58,881.56,881.56,995.13,995.13,2308983.5187,2308983.5187
2022-06-17,1068.5,1068.5,1118.0,1118.0,1051.11,1051.11,1086.94,1086.94,1220677.9491,1220677.9491
2022-06-16,1237.53,1237.53,1257.85,1257.85,1051.55,1051.55,1068.5,1068.5,1447386.8304,1447386.8304
2022-06-15,1208.9,1208.9,1250.0,1250.0,1014.4,1014.4,1237.52,1237.52,3114823.13621,3114823.13621
2022-06-14,1209.35,1209.35,1268.45,1268.45,1075.8,1075.8,1208.9,1208.9,2716493.80131,2716493.80131
2022-06-13,1434.84,1434.84,1455.0,1455.0,1165.45,1165.45,1209.82,1209.82,3626351.66536,3626351.66536
2022-06-12,1532.89,1532.89,1547.0,1547.0,1423.0,1423.0,1434.84,1434.84,1563225.37018,1563225.37018
2022-06-11,1662.91,1662.91,1682.21,1682.21,1496.74,1496.74,1532.89,1532.89,1220325.2542,1220325.2542
2022-06-10,1788.8,1788.8,1804.32,1804.32,1655.93,1655.93,1662.91,1662.91,955035.79239,955035.79239
2022-06-09,1791.88,1791.88,1833.0,1833.0,1777.33,1777.33,1788.81,1788.81,535310.9618,535310.9618
2022-06-08,1813.33,1813.33,1838.77,1838.77,1765.28,1765.28,1791.88,1791.88,941510.1373,941510.1373
2022-06-07,1859.84,1859.84,1874.98,1874.98,1725.13,1725.13,1813.33,1813.33,1397598.2288,1397598.2288
2022-06-06,1806.22,1806.22,1920.0,1920.0,1804.35,1804.35,1859.84,1859.84,804250.3567,804250.3567
2022-06-05,1804.58,1804.58,1830.17,1830.17,1773.05,1773.05,1806.23,1806.23,371974.5061,371974.5061
2022-06-04,1775.13,1775.13,1816.0,1816.0,1748.43,1748.43,1804.58,1804.58,388279.4579,388279.4579
2022-06-03,1834.09,1834.09,1843.91,1843.91,1737.0,1737.0,1775.12,1775.12,741282.5346,741282.5346
2022-06-02,1817.96,1817.96,1853.05,1853.05,1782.42,1782.42,1834.08,1834.08,788784.4017,788784.4017
2022-06-01,1941.9,1941.9,1972.58,1972.58,1763.75,1763.75,1817.95,1817.95,1037841.2706,1037841.2706
2022-05-31,1998.78,1998.78,2016.45,2016.45,1925.0,1925.0,1941.9,1941.9,751103.4226,751103.4226
2022-05-30,1813.64,1813.64,2013.0,2013.0,1803.18,1803.18,1998.78,1998.78,814922.8359,814922.8359
2022-05-29,1792.21,1792.21,1827.4,1827.4,1759.96,1759.96,1813.64,1813.64,432430.611,432430.611
2022-05-28,1727.26,1727.26,1808.98,1808.98,1722.26,1722.26,1792.22,1792.22,558271.1818,558271.1818
2022-05-27,1792.24,1792.24,1822.26,1822.26,1703.0,1703.0,1727.27,1727.27,1296693.28537,1296693.28537
2022-05-26,1942.64,1942.64,1966.01,1966.01,1735.0,1735.0,1792.23,1792.23,1168740.57514,1168740.57514
2022-05-25,1979.4,1979.4,2022.34,2022.34,1934.61,1934.61,1942.63,1942.63,524786.3091,524786.3091
2022-05-24,1973.33,1973.33,1993.83,1993.83,1913.02,1913.02,1979.41,1979.41,534096.972,534096.972
2022-05-23,2043.19,2043.19,2088.5,2088.5,1957.12,1957.12,1973.32,1973.32,636085.0224,636085.0224
2022-05-22,1975.06,1975.06,2056.41,2056.41,1966.33,1966.33,2043.19,2043.19,355735.1927,355735.1927
2022-05-21,1959.08,1959.08,1990.86,1990.86,1937.36,1937.36,1975.07,1975.07,238869.7632,238869.7632
2022-05-20,2019.55,2019.55,2064.0,2064.0,1923.0,1923.0,1959.08,1959.08,576981.5371,576981.5371
2022-05-19,1915.11,1915.11,2040.39,2040.39,1903.18,1903.18,2019.55,2019.55,741476.9794,741476.9794
2022-05-18,2090.72,2090.72,2110.72,2110.72,1908.0,1908.0,1915.11,1915.11,631577.2341,631577.2341
2022-05-17,2023.66,2023.66,2122.42,2122.42,2008.0,2008.0,2090.72,2090.72,568249.0448,568249.0448
2022-05-16,2145.29,2145.29,2145.29,2145.29,1979.12,1979.12,2023.66,2023.66,822070.8531,822070.8531
2022-05-15,2056.47,2056.47,2167.0,2167.0,2000.68,2000.68,2145.29,2145.29,514398.2587,514398.2587
2022-05-14,2009.69,2009.69,2070.06,2070.06,1951.21,1951.21,2056.48,2056.48,563788.3078,563788.3078
2022-05-13,1960.22,1960.22,2147.54,2147.54,1940.23,1940.23,2009.69,2009.69,1134042.3387,1134042.3387
2022-05-12,2084.99,2084.99,2195.0,2195.0,1800.0,1800.0,1960.22,1960.22,2305192.90836,2305192.90836
2022-05-11,2342.04,2342.04,2451.37,2451.37,2005.0,2005.0,2084.99,2084.99,2022864.83806,2022864.83806
2022-05-10,2229.0,2229.0,2457.34,2457.34,2200.0,2200.0,2342.05,2342.05,1550626.1387,1550626.1387
2022-05-09,2519.71,2519.71,2530.78,2530.78,2225.0,2225.0,2228.55,2228.55,1574924.9793,1574924.9793
2022-05-08,2635.35,2635.35,2642.0,2642.0,2484.0,2484.0,2519.71,2519.71,757615.3415,757615.3415
2022-05-07,2692.86,2692.86,2704.36,2704.36,2584.75,2584.75,2635.34,2635.34,371271.4532,371271.4532
2022-05-06,2747.96,2747.96,2758.18,2758.18,2632.95,2632.95,2692.85,2692.85,711449.3234,711449.3234
2022-05-05,2940.65,2940.65,2954.65,2954.65,2683.0,2683.0,2747.97,2747.97,734845.3194,734845.3194
2022-05-04,2781.7,2781.7,2965.85,2965.85,2771.74,2771.74,2940.64,2940.64,548738.0668,548738.0668
2022-05-03,2856.54,2856.54,2861.47,2861.47,2755.19,2755.19,2781.7,2781.7,371331.1796,371331.1796
2022-05-02,2824.81,2824.81,2894.22,2894.22,2778.78,2778.78,2856.54,2856.54,521706.8567,521706.8567
2022-05-01,2726.67,2726.67,2849.9,2849.9,2716.13,2716.13,2824.81,2824.81,442544.8792,442544.8792
2022-04-30,2817.13,2817.13,2841.63,2841.63,2709.26,2709.26,2726.66,2726.66,367757.2469,367757.2469
2022-04-29,2936.92,2936.92,2946.46,2946.46,2776.63,2776.63,2817.13,2817.13,525978.147,525978.147
2022-04-28,2888.95,2888.95,2980.0,2980.0,2853.83,2853.83,2936.93,2936.93,537392.9978,537392.9978
2022-04-27,2809.68,2809.68,2919.87,2919.87,2794.46,2794.46,2888.96,2888.96,488951.2416,488951.2416
2022-04-26,3006.63,3006.63,3039.54,3039.54,2767.0,2767.0,2809.67,2809.67,531184.3504,531184.3504
2022-04-25,2920.99,2920.99,3025.65,3025.65,2797.01,2797.01,3006.62,3006.62,619198.3616,619198.3616
2022-04-24,2933.04,2933.04,2967.06,2967.06,2912.09,2912.09,2921.0,2921.0,218957.0222,218957.0222
2022-04-23,2962.39,2962.39,2978.03,2978.03,2913.89,2913.89,2933.03,2933.03,187576.7324,187576.7324
2022-04-22,2983.57,2983.57,3034.32,3034.32,2930.35,2930.35,2962.39,2962.39,452433.082,452433.082
2022-04-21,3076.03,3076.03,3180.0,3180.0,2942.31,2942.31,2983.58,2983.58,562699.697,562699.697
2022-04-20,3101.74,3101.74,3166.5,3166.5,3036.45,3036.45,3076.04,3076.04,415000.0685,415000.0685
2022-04-19,3055.56,3055.56,3131.0,3131.0,3030.34,3030.34,3101.77,3101.77,359375.0038,359375.0038
2022-04-18,2988.07,2988.07,3069.6,3069.6,2883.22,2883.22,3055.56,3055.56,510251.6536,510251.6536
2022-04-17,3059.3,3059.3,3083.0,3083.0,2981.7,2981.7,2988.06,2988.06,243772.074,243772.074
2022-04-16,3040.57,3040.57,3086.1,3086.1,3010.03,3010.03,3059.3,3059.3,176352.4165,176352.4165
2022-04-15,3021.98,3021.98,3060.92,3060.92,2993.13,2993.13,3040.56,3040.56,249626.2981,249626.2981
2022-04-14,3118.28,3118.28,3145.0,3145.0,2976.3,2976.3,3021.98,3021.98,408382.5572,408382.5572
2022-04-13,3027.65,3027.65,3128.97,3128.97,2996.86,2996.86,3118.28,3118.28,419101.494,419101.494
2022-04-12,2979.75,2979.75,3085.0,3085.0,2950.0,2950.0,3027.66,3027.66,579522.9505,579522.9505
2022-04-11,3203.04,3203.04,3213.63,3213.63,2950.0,2950.0,2979.74,2979.74,693394.2912,693394.2912
2022-04-10,3258.57,3258.57,3307.22,3307.22,3193.0,3193.0,3203.04,3203.04,232303.2326,232303.2326
2022-04-09,3192.39,3192.39,3268.4,3268.4,3181.28,3181.28,3258.57,3258.57,212444.2566,212444.2566
2022-04-08,3227.2,3227.2,3314.02,3314.02,3173.52,3173.52,3192.39,3192.39,502422.5048,502422.5048
2022-04-07,3168.52,3168.52,3268.98,3268.98,3143.15,3143.15,3227.19,3227.19,458179.3272,458179.3272
2022-04-06,3407.0,3407.0,3407.5,3407.5,3162.39,3162.39,3168.51,3168.51,736273.1047,736273.1047
2022-04-05,3519.5,3519.5,3555.0,3555.0,3400.0,3400.0,3406.99,3406.99,397782.7437,397782.7437
2022-04-04,3521.9,3521.9,3547.0,3547.0,3405.97,3405.97,3519.5,3519.5,449984.1586,449984.1586
2022-04-03,3443.77,3443.77,3580.34,3580.34,3412.11,3412.11,3521.91,3521.91,381581.7683,381581.7683
2022-04-02,3455.2,3455.2,3532.2,3532.2,3433.14,3433.14,3443.77,3443.77,499893.29,499893.29
2022-04-01,3281.51,3281.51,3481.29,3481.29,3210.68,3210.68,3455.21,3455.21,532169.2392,532169.2392
2022-03-31,3385.8,3385.8,3444.83,3444.83,3261.35,3261.35,3281.51,3281.51,455091.2395,455091.2395
2022-03-30,3400.51,3400.51,3446.9,3446.9,3331.84,3331.84,3385.79,3385.79,356082.5231,356082.5231
2022-03-29,3332.91,3332.91,3481.87,3481.87,3329.68,3329.68,3400.51,3400.51,465899.8226,465899.8226
2022-03-28,3295.65,3295.65,3431.15,3431.15,3275.01,3275.01,3332.92,3332.92,527237.1133,527237.1133
2022-03-27,3145.01,3145.01,3299.37,3299.37,3126.02,3126.02,3295.65,3295.65,335467.4145,335467.4145
2022-03-26,3102.13,3102.13,3153.2,3153.2,3084.9,3084.9,3145.0,3145.0,207134.847,207134.847
2022-03-25,3110.75,3110.75,3193.28,3193.28,3076.0,3076.0,3102.14,3102.14,489099.5572,489099.5572
2022-03-24,3035.99,3035.99,3129.11,3129.11,2999.11,2999.11,3110.76,3110.76,577171.5239,577171.5239
2022-03-23,2969.64,2969.64,3045.2,3045.2,2920.65,2920.65,3036.0,3036.0,453962.7298,453962.7298
2022-03-22,2890.03,2890.03,3052.85,3052.85,2886.43,2886.43,2969.64,2969.64,564868.9839,564868.9839
2022-03-21,2861.39,2861.39,2960.57,2960.57,2829.81,2829.81,2890.03,2890.03,450223.9073,450223.9073
2022-03-20,2950.85,2950.85,2964.17,2964.17,2817.21,2817.21,2861.38,2861.38,377608.8214,377608.8214
2022-03-19,2938.84,2938.84,2987.7,2987.7,2890.86,2890.86,2950.84,2950.84,325971.5398,325971.5398
2022-03-18,2811.91,2811.91,2984.0,2984.0,2765.59,2765.59,2938.92,2938.92,556535.7966,556535.7966
2022-03-17,2773.8,2773.8,2836.0,2836.0,2746.42,2746.42,2811.92,2811.92,379312.541,379312.541
2022-03-16,2617.74,2617.74,2788.0,2788.0,2603.38,2603.38,2773.81,2773.81,666224.7217,666224.7217
2022-03-15,2589.42,2589.42,2669.0,2669.0,2507.0,2507.0,2617.73,2617.73,461202.3014,461202.3014
2022-03-14,2515.66,2515.66,2609.6,2609.6,2498.67,2498.67,2589.41,2589.41,386630.1912,386630.1912
2022-03-13,2568.8,2568.8,2603.32,2603.32,2493.0,2493.0,2515.65,2515.65,316942.1601,316942.1601
2022-03-12,2556.86,2556.86,2616.79,2616.79,2553.39,2553.39,2568.8,2568.8,219236.5711,219236.5711
2022-03-11,2606.69,2606.69,2676.78,2676.78,2522.57,2522.57,2556.86,2556.86,494583.6568,494583.6568
2022-03-10,2726.98,2726.98,2733.25,2733.25,2550.27,2550.27,2606.7,2606.7,559029.9377,559029.9377
2022-03-09,2575.98,2575.98,2775.85,2775.85,2567.7,2567.7,2726.98,2726.98,562771.7403,562771.7403
2022-03-08,2491.12,2491.12,2624.0,2624.0,2480.15,2480.15,2575.97,2575.97,561659.7421,561659.7421
2022-03-07,2551.3,2551.3,2649.0,2649.0,2445.0,2445.0,2491.12,2491.12,620171.6787,620171.6787
2022-03-06,2665.16,2665.16,2676.29,2676.29,2535.0,2535.0,2551.29,2551.29,336487.9099,336487.9099
2022-03-05,2622.11,2622.11,2685.12,2685.12,2589.38,2589.38,2665.15,2665.15,268730.3036,268730.3036
2022-03-04,2834.0,2834.0,2836.17,2836.17,2573.0,2573.0,2622.1,2622.1,556178.7588,556178.7588
2022-03-03,2947.31,2947.31,2970.97,2970.97,2785.0,2785.0,2833.99,2833.99,446192.2353,446192.2353
2022-03-02,2976.33,2976.33,3043.91,3043.91,2914.21,2914.21,2947.3,2947.3,614623.7461,614623.7461
2022-03-01,2920.83,2920.83,3037.94,3037.94,2854.09,2854.09,2976.33,2976.33,673901.6976,673901.6976
2022-02-28,2616.79,2616.79,2951.6,2951.6,2568.62,2568.62,2920.95,2920.95,733794.4488,733794.4488
2022-02-27,2779.47,2779.47,2836.33,2836.33,2557.98,2557.98,2616.79,2616.79,650198.7785,650198.7785
2022-02-26,2768.05,2768.05,2878.0,2878.0,2727.5,2727.5,2779.47,2779.47,418485.2529,418485.2529
2022-02-25,2596.26,2596.26,2834.97,2834.97,2571.72,2571.72,2768.49,2768.49,679394.1762,679394.1762
2022-02-24,2579.7,2579.7,2740.0,2740.0,2300.0,2300.0,2596.2,2596.2,1395732.7753,1395732.7753
2022-02-23,2636.28,2636.28,2753.55,2753.55,2575.83,2575.83,2579.71,2579.71,504470.1412,504470.1412
2022-02-22,2568.03,2568.03,2665.74,2665.74,2500.0,2500.0,2636.29,2636.29,692639.4942,692639.4942
2022-02-21,2621.99,2621.99,2759.51,2759.51,2558.0,2558.0,2568.02,2568.02,761838.9858,761838.9858
2022-02-20,2763.63,2763.63,2764.64,2764.64,2576.0,2576.0,2621.99,2621.99,386384.904,386384.904
2022-02-19,2779.3,2779.3,2830.96,2830.96,2694.45,2694.45,2763.63,2763.63,293838.0025,293838.0025
2022-02-18,2891.88,2891.88,2943.97,2943.97,2750.0,2750.0,2779.48,2779.48,502977.4069,502977.4069
2022-02-17,3122.31,3122.31,3160.0,3160.0,2851.55,2851.55,2891.87,2891.87,488693.2624,488693.2624
2022-02-16,3183.53,3183.53,3186.77,3186.77,3044.03,3044.03,3122.3,3122.3,319997.6244,319997.6244
2022-02-15,2929.75,2929.75,3196.19,3196.19,2912.06,2912.06,3183.52,3183.52,448971.754,448971.754
2022-02-14,2871.14,2871.14,2964.97,2964.97,2829.01,2829.01,2929.75,2929.75,381778.238,381778.238
2022-02-13,2918.58,2918.58,2954.4,2954.4,2836.7,2836.7,2871.13,2871.13,242751.3547,242751.3547
2022-02-12,2927.54,2927.54,2985.98,2985.98,2858.3,2858.3,2918.88,2918.88,336250.3131,336250.3131
2022-02-11,3072.36,3072.36,3138.62,3138.62,2879.0,2879.0,2927.54,2927.54,462025.8751,462025.8751
2022-02-10,3243.6,3243.6,3283.66,3283.66,3056.74,3056.74,3072.49,3072.49,578212.8383,578212.8383
2022-02-09,3116.69,3116.69,3269.7,3269.7,3055.0,3055.0,3243.94,3243.94,370267.8913,370267.8913
2022-02-08,3139.77,3139.77,3232.87,3232.87,3025.21,3025.21,3116.69,3116.69,514773.5837,514773.5837
2022-02-07,3055.0,3055.0,3186.0,3186.0,2991.8,2991.8,3139.77,3139.77,455070.2529,455070.2529
2022-02-06,3012.64,3012.64,3074.56,3074.56,2950.21,2950.21,3054.99,3054.99,249394.5966,249394.5966
2022-02-05,2994.99,2994.99,3060.47,3060.47,2958.01,2958.01,3012.65,3012.65,356803.3071,356803.3071
2022-02-04,2695.21,2695.21,2995.0,2995.0,2671.4,2671.4,2994.99,2994.99,664002.9328,664002.9328
2022-02-03,2680.25,2680.25,2726.64,2726.64,2576.05,2576.05,2695.46,2695.46,405043.3931,405043.3931
2022-02-02,2787.48,2787.48,2810.88,2810.88,2612.72,2612.72,2680.67,2680.67,447852.1228,447852.1228
2022-02-01,2686.94,2686.94,2813.0,2813.0,2673.52,2673.52,2787.23,2787.23,390034.27362,390034.27362
2022-01-31,2601.67,2601.67,2706.77,2706.77,2476.07,2476.07,2686.94,2686.94,444584.851,444584.851
2022-01-30,2601.43,2601.43,2640.0,2640.0,2542.5,2542.5,2601.68,2601.68,290770.0859,290770.0859
2022-01-29,2544.99,2544.99,2636.66,2636.66,2520.01,2520.01,2601.43,2601.43,376666.8246,376666.8246
2022-01-28,2424.02,2424.02,2558.98,2558.98,2357.88,2357.88,2544.99,2544.99,485149.8065,485149.8065
2022-01-27,2463.0,2463.0,2521.0,2521.0,2316.43,2316.43,2424.25,2424.25,599481.7159,599481.7159
2022-01-26,2459.04,2459.04,2722.0,2722.0,2402.03,2402.03,2462.99,2462.99,806441.62289,806441.62289
2022-01-25,2439.56,2439.56,2506.55,2506.55,2348.96,2348.96,2458.83,2458.83,510152.954,510152.954
2022-01-24,2539.0,2539.0,2539.75,2539.75,2159.0,2159.0,2439.29,2439.29,1123134.70389,1123134.70389
2022-01-23,2412.18,2412.18,2556.78,2556.78,2370.8,2370.8,2539.01,2539.01,580497.7613,580497.7613
2022-01-22,2567.47,2567.47,2626.0,2626.0,2300.0,2300.0,2412.18,2412.18,1081357.54893,1081357.54893
2022-01-21,3001.48,3001.48,3034.12,3034.12,2403.0,2403.0,2568.15,2568.15,1022021.70024,1022021.70024
2022-01-20,3084.02,3084.02,3273.37,3273.37,2987.15,2987.15,3001.48,3001.48,357596.7062,357596.7062
2022-01-19,3159.85,3159.85,3174.87,3174.87,3000.0,3000.0,3084.02,3084.02,332996.5703,332996.5703
2022-01-18,3209.68,3209.68,3243.87,3243.87,3082.0,3082.0,3159.85,3159.85,299134.2728,299134.2728
2022-01-17,3346.89,3346.89,3357.57,3357.57,3141.1,3141.1,3209.67,3209.67,284063.6548,284063.6548
2022-01-16,3326.51,3326.51,3393.6,3393.6,3269.62,3269.62,3346.88,3346.88,210782.2277,210782.2277
2022-01-15,3307.42,3307.42,3371.64,3371.64,3261.0,3261.0,3326.04,3326.04,203100.3778,203100.3778
2022-01-14,3240.61,3240.61,3342.79,3342.79,3188.0,3188.0,3307.42,3307.42,285326.3505,285326.3505
2022-01-13,3371.6,3371.6,3410.0,3410.0,3233.43,3233.43,3240.61,3240.61,336234.8799,336234.8799
2022-01-12,3239.73,3239.73,3411.43,3411.43,3206.2,3206.2,3371.26,3371.26,370465.8015,370465.8015
2022-01-11,3082.87,3082.87,3263.54,3263.54,3051.8,3051.8,3239.72,3239.72,362446.7087,362446.7087
2022-01-10,3151.97,3151.97,3185.0,3185.0,2928.83,2928.83,3082.68,3082.68,529818.3866,529818.3866
2022-01-09,3080.98,3080.98,3211.72,3211.72,3057.35,3057.35,3151.97,3151.97,275874.1643,275874.1643
2022-01-08,3198.68,3198.68,3250.0,3250.0,3000.0,3000.0,3080.95,3080.95,400692.1061,400692.1061
2022-01-07,3406.81,3406.81,3416.76,3416.76,3064.42,3064.42,3199.24,3199.24,669631.7262,669631.7262
2022-01-06,3539.82,3539.82,3550.43,3550.43,3300.0,3300.0,3406.81,3406.81,496745.7413,496745.7413
2022-01-05,3785.1,3785.1,3848.0,3848.0,3415.0,3415.0,3540.63,3540.63,397942.0363,397942.0363
2022-01-04,3765.89,3765.89,3900.73,3900.73,3713.11,3713.11,3785.11,3785.11,288258.5549,288258.5549
2022-01-03,3828.11,3828.11,3853.09,3853.09,3680.0,3680.0,3765.89,3765.89,236245.8586,236245.8586
2022-01-02,3765.54,3765.54,3857.44,3857.44,3717.3,3717.3,3828.27,3828.27,154791.4263,154791.4263
2022-01-01,3676.22,3676.22,3776.45,3776.45,3673.46,3673.46,3765.54,3765.54,154143.8968,154143.8968
2021-12-31,3709.27,3709.27,3815.0,3815.0,3622.29,3622.29,3676.23,3676.23,268014.2942,268014.2942
2021-12-30,3630.18,3630.18,3769.1,3769.1,3585.0,3585.0,3709.27,3709.27,249263.7305,249263.7305
2021-12-29,3792.75,3792.75,3827.78,3827.78,3604.2,3604.2,3630.19,3630.19,302753.6375,302753.6375
2021-12-28,4037.22,4037.22,4037.23,4037.23,3759.36,3759.36,3792.75,3792.75,358064.7163,358064.7163
2021-12-27,4063.57,4063.57,4127.46,4127.46,4031.0,4031.0,4037.23,4037.23,222225.3761,222225.3761
2021-12-26,4094.36,4094.36,4105.0,4105.0,4000.0,4000.0,4063.56,4063.56,189309.255,189309.255
2021-12-25,4046.35,4046.35,4137.91,4137.91,4018.62,4018.62,4094.83,4094.83,208126.8805,208126.8805
2021-12-24,4111.41,4111.41,4134.84,4134.84,4017.17,4017.17,4046.36,4046.36,230833.1661,230833.1661
2021-12-23,3979.51,3979.51,4150.0,4150.0,3893.23,3893.23,4111.41,4111.41,380207.8166,380207.8166
2021-12-22,4014.41,4014.41,4074.87,4074.87,3933.4,3933.4,3979.51,3979.51,303191.8076,303191.8076
2021-12-21,3944.72,3944.72,4063.0,4063.0,3913.21,3913.21,4014.15,4014.15,340826.3553,340826.3553
2021-12-20,3924.14,3924.14,3983.37,3983.37,3753.0,3753.0,3944.73,3944.73,366916.4771,366916.4771
2021-12-19,3959.93,3959.93,4032.43,4032.43,3884.0,3884.0,3924.14,3924.14,306006.323,306006.323
2021-12-18,3875.43,3875.43,3996.93,3996.93,3767.01,3767.01,3959.93,3959.93,339593.2543,339593.2543
2021-12-17,3959.11,3959.11,3994.1,3994.1,3700.0,3700.0,3875.42,3875.42,463370.9225,463370.9225
2021-12-16,4019.54,4019.54,4113.43,4113.43,3942.11,3942.11,3958.11,3958.11,368780.031,368780.031
2021-12-15,3858.99,3858.99,4092.22,4092.22,3643.73,3643.73,4019.08,4019.08,542068.0573,542068.0573
2021-12-14,3781.92,3781.92,3882.74,3882.74,3685.0,3685.0,3858.99,3858.99,395145.7462,395145.7462
2021-12-13,4130.0,4130.0,4142.75,4142.75,3671.45,3671.45,3781.93,3781.93,533467.2307,533467.2307
2021-12-12,4089.68,4089.68,4173.63,4173.63,3986.25,3986.25,4130.0,4130.0,260535.5157,260535.5157
2021-12-11,3898.31,3898.31,4097.08,4097.08,3828.22,3828.22,4089.37,4089.37,427853.4343,427853.4343
2021-12-10,4105.64,4105.64,4231.08,4231.08,3887.37,3887.37,3897.94,3897.94,563236.5671,563236.5671
2021-12-09,4436.91,4436.91,4488.0,4488.0,4076.16,4076.16,4105.64,4105.64,462173.711,462173.711
2021-12-08,4306.4,4306.4,4450.49,4450.49,4222.95,4222.95,4436.91,4436.91,429403.9351,429403.9351
2021-12-07,4347.57,4347.57,4425.0,4425.0,4255.92,4255.92,4306.4,4306.4,420749.751,420749.751
2021-12-06,4196.44,4196.44,4376.15,4376.15,3921.0,3921.0,4347.59,4347.59,726742.9638,726742.9638
2021-12-05,4117.25,4117.25,4248.19,4248.19,4031.39,4031.39,4196.44,4196.44,536325.4413,536325.4413
2021-12-04,4215.01,4215.01,4238.59,4238.59,3503.68,3503.68,4117.25,4117.25,1111773.1451,1111773.1451
2021-12-03,4511.35,4511.35,4654.88,4654.88,4032.5,4032.5,4215.73,4215.73,677974.8659,677974.8659
2021-12-02,4582.95,4582.95,4634.83,4634.83,4433.0,4433.0,4511.21,4511.21,451861.9545,451861.9545
2021-12-01,4630.25,4630.25,4778.75,4778.75,4523.99,4523.99,4582.95,4582.95,508198.3105,508198.3105
2021-11-30,4444.54,4444.54,4753.0,4753.0,4346.36,4346.36,4630.26,4630.26,743024.4662,743024.4662
2021-11-29,4294.77,4294.77,4458.92,4458.92,4276.89,4276.89,4444.53,4444.53,406881.2284,406881.2284
2021-11-28,4095.29,4095.29,4298.51,4298.51,3964.0,3964.0,4294.78,4294.78,346471.3551,346471.3551
2021-11-27,4041.2,4041.2,4183.66,4183.66,4028.34,4028.34,4095.29,4095.29,275326.5202,275326.5202
2021-11-26,4524.48,4524.48,4551.0,4551.0,3913.0,3913.0,4041.2,4041.2,720245.1612,720245.1612
2021-11-25,4270.1,4270.1,4550.0,4550.0,4248.27,4248.27,4524.85,4524.85,445868.2434,445868.2434
2021-11-24,4339.45,4339.45,4373.94,4373.94,4167.65,4167.65,4269.36,4269.36,448727.0306,448727.0306
2021-11-23,4086.28,4086.28,4385.59,4385.59,4059.62,4059.62,4339.44,4339.44,502811.7902,502811.7902
2021-11-22,4259.7,4259.7,4320.0,4320.0,4022.74,4022.74,4085.97,4085.97,518501.3338,518501.3338
2021-11-21,4412.17,4412.17,4451.0,4451.0,4242.41,4242.41,4258.31,4258.31,340206.3203,340206.3203
2021-11-20,4294.75,4294.75,4435.88,4435.88,4199.86,4199.86,4412.17,4412.17,365584.578,365584.578
2021-11-19,3996.9,3996.9,4308.97,4308.97,3973.01,3973.01,4294.76,4294.76,420045.0897,420045.0897
2021-11-18,4288.07,4288.07,4344.81,4344.81,3956.44,3956.44,3996.9,3996.9,576945.1837,576945.1837
2021-11-17,4209.59,4209.59,4299.91,4299.91,4063.48,4063.48,4287.8,4287.8,472852.1842,472852.1842
2021-11-16,4563.77,4563.77,4563.77,4563.77,4103.0,4103.0,4209.76,4209.76,735857.063,735857.063
2021-11-15,4626.5,4626.5,4772.01,4772.01,4540.0,4540.0,4563.78,4563.78,375421.6601,375421.6601
2021-11-14,4644.27,4644.27,4696.05,4696.05,4514.12,4514.12,4626.5,4626.5,245309.0674,245309.0674
2021-11-13,4665.47,4665.47,4707.6,4707.6,4584.08,4584.08,4644.28,4644.28,220720.6611,220720.6611
2021-11-12,4719.0,4719.0,4809.71,4809.71,4507.85,4507.85,4665.46,4665.46,461580.0415,461580.0415
2021-11-11,4628.68,4628.68,4779.0,4779.0,4576.47,4576.47,4719.0,4719.0,303688.9765,303688.9765
2021-11-10,4732.33,4732.33,4868.0,4868.0,4461.93,4461.93,4628.78,4628.78,553596.99163,553596.99163
2021-11-09,4807.98,4807.98,4838.28,4838.28,4713.89,4713.89,4732.33,4732.33,311267.57998,311267.57998
2021-11-08,4612.59,4612.59,4822.97,4822.97,4612.0,4612.0,4807.98,4807.98,391102.31806,391102.31806
2021-11-07,4518.0,4518.0,4637.98,4637.98,4502.37,4502.37,4612.59,4612.59,243596.5952,243596.5952
2021-11-06,4474.24,4474.24,4530.0,4530.0,4326.17,4326.17,4518.0,4518.0,322154.0973,322154.0973
2021-11-05,4532.31,4532.31,4570.05,4570.05,4438.8,4438.8,4474.24,4474.24,305651.7244,305651.7244
2021-11-04,4603.35,4603.35,4606.65,4606.65,4420.08,4420.08,4532.32,4532.32,368218.25695,368218.25695
2021-11-03,4589.68,4589.68,4665.87,4665.87,4455.0,4455.0,4603.35,4603.35,448658.35125,448658.35125
2021-11-02,4319.43,4319.43,4599.6,4599.6,4284.43,4284.43,4589.89,4589.89,468184.79301,468184.79301
2021-11-01,4287.48,4287.48,4386.58,4386.58,4146.3,4146.3,4319.43,4319.43,417620.7073,417620.7073
2021-10-31,4322.68,4322.68,4399.14,4399.14,4164.35,4164.35,4287.21,4287.21,412856.2893,412856.2893
2021-10-30,4418.89,4418.89,4434.06,4434.06,4232.2,4232.2,4322.68,4322.68,340223.069,340223.069
2021-10-29,4286.01,4286.01,4460.47,4460.47,4265.97,4265.97,4418.89,4418.89,559231.07691,559231.07691
2021-10-28,3921.99,3921.99,4295.0,4295.0,3890.17,3890.17,4286.02,4286.02,626378.5055,626378.5055
2021-10-27,4131.52,4131.52,4307.0,4307.0,3909.0,3909.0,3922.0,3922.0,704604.25,704604.25
2021-10-26,4220.36,4220.36,4297.0,4297.0,4090.21,4090.21,4131.52,4131.52,414498.1599,414498.1599
2021-10-25,4082.33,4082.33,4236.0,4236.0,4067.71,4067.71,4220.37,4220.37,347438.6534,347438.6534
2021-10-24,4167.13,4167.13,4186.57,4186.57,3961.5,3961.5,4082.33,4082.33,350115.8386,350115.8386
2021-10-23,3972.19,3972.19,4172.0,4172.0,3937.51,3937.51,4167.12,4167.12,326576.9601,326576.9601
2021-10-22,4053.0,4053.0,4167.41,4167.41,3888.0,3888.0,3972.2,3972.2,463222.5428,463222.5428
2021-10-21,4161.37,4161.37,4375.0,4375.0,4013.13,4013.13,4052.99,4052.99,798566.55805,798566.55805
2021-10-20,3876.98,3876.98,4169.0,4169.0,3828.05,3828.05,4161.15,4161.15,537383.09732,537383.09732
2021-10-19,3744.96,3744.96,3886.89,3886.89,3732.0,3732.0,3877.03,3877.03,341268.3723,341268.3723
2021-10-18,3847.0,3847.0,3893.14,3893.14,3676.0,3676.0,3744.96,3744.96,401819.9734,401819.9734
2021-10-17,3829.96,3829.96,3919.19,3919.19,3640.0,3640.0,3846.85,3846.85,368898.9831,368898.9831
2021-10-16,3868.38,3868.38,3971.0,3971.0,3803.56,3803.56,3829.96,3829.96,373727.8549,373727.8549
2021-10-15,3790.82,3790.82,3907.77,3907.77,3734.1,3734.1,3868.99,3868.99,504321.732,504321.732
2021-10-14,3607.41,3607.41,3824.0,3824.0,3586.04,3586.04,3790.82,3790.82,481894.1473,481894.1473
2021-10-13,3491.43,3491.43,3613.0,3613.0,3412.7,3412.7,3607.42,3607.42,393463.1222,393463.1222
2021-10-12,3542.12,3542.12,3547.11,3547.11,3403.21,3403.21,3491.46,3491.46,409377.1918,409377.1918
2021-10-11,3414.22,3414.22,3623.8,3623.8,3371.0,3371.0,3542.12,3542.12,493521.882,493521.882
2021-10-10,3574.83,3574.83,3604.0,3604.0,3405.0,3405.0,3414.22,3414.22,580223.6302,580223.6302
2021-10-09,3563.13,3563.13,3635.0,3635.0,3538.07,3538.07,3574.82,3574.82,361906.7514,361906.7514
2021-10-08,3587.47,3587.47,3695.0,3695.0,3532.0,3532.0,3563.13,3563.13,403597.1437,403597.1437
2021-10-07,3574.88,3574.88,3653.98,3653.98,3470.8,3470.8,3587.47,3587.47,486102.3591,486102.3591
2021-10-06,3515.48,3515.48,3632.11,3632.11,3342.0,3342.0,3574.89,3574.89,618265.5402,618265.5402
2021-10-05,3386.31,3386.31,3545.0,3545.0,3363.78,3363.78,3515.27,3515.27,393900.8818,393900.8818
2021-10-04,3417.73,3417.73,3437.19,3437.19,3270.0,3270.0,3386.31,3386.31,485204.642,485204.642
2021-10-03,3387.77,3387.77,3488.0,3488.0,3342.51,3342.51,3417.73,3417.73,360586.8905,360586.8905
2021-10-02,3309.91,3309.91,3469.0,3469.0,3257.0,3257.0,3387.76,3387.76,422551.1811,422551.1811
2021-10-01,3000.62,3000.62,3330.0,3330.0,2969.07,2969.07,3309.91,3309.91,648714.6151,648714.6151
2021-09-30,2850.45,2850.45,3048.42,3048.42,2837.19,2837.19,3000.61,3000.61,506896.7612,506896.7612
2021-09-29,2805.15,2805.15,2950.0,2950.0,2782.0,2782.0,2850.45,2850.45,411305.0893,411305.0893
2021-09-28,2924.76,2924.76,2970.82,2970.82,2789.0,2789.0,2804.91,2804.91,511325.4643,511325.4643
2021-09-27,3059.36,3059.36,3164.94,3164.94,2922.71,2922.71,2925.59,2925.59,510130.7319,510130.7319
2021-09-26,2921.84,2921.84,3115.51,3115.51,2738.17,2738.17,3059.37,3059.37,703594.478,703594.478
2021-09-25,2928.22,2928.22,2967.52,2967.52,2801.57,2801.57,2921.73,2921.73,491974.0226,491974.0226
2021-09-24,3152.41,3152.41,3158.52,3158.52,2733.0,2733.0,2928.53,2928.53,932090.8856,932090.8856
2021-09-23,3076.92,3076.92,3174.5,3174.5,3033.85,3033.85,3152.5,3152.5,459293.8858,459293.8858
2021-09-22,2766.72,2766.72,3088.88,3088.88,2737.54,2737.54,3076.92,3076.92,677457.64825,677457.64825
2021-09-21,2977.32,2977.32,3105.83,3105.83,2652.0,2652.0,2765.9,2765.9,971519.88941,971519.88941
2021-09-20,3328.57,3328.57,3347.82,3347.82,2913.39,2913.39,2977.28,2977.28,917939.57849,917939.57849
2021-09-19,3435.64,3435.64,3456.53,3456.53,3277.74,3277.74,3328.62,3328.62,312948.0013,312948.0013
2021-09-18,3399.89,3399.89,3541.96,3541.96,3368.88,3368.88,3435.64,3435.64,315162.7627,315162.7627
2021-09-17,3567.97,3567.97,3594.17,3594.17,3350.07,3350.07,3399.81,3399.81,398888.3705,398888.3705
2021-09-16,3613.55,3613.55,3676.28,3676.28,3481.14,3481.14,3567.98,3567.98,467985.4919,467985.4919
2021-09-15,3434.37,3434.37,3616.16,3616.16,3357.78,3357.78,3613.55,3613.55,428507.5278,428507.5278
2021-09-14,3285.09,3285.09,3437.05,3437.05,3269.95,3269.95,3434.37,3434.37,373634.9026,373634.9026
2021-09-13,3404.3,3404.3,3430.3,3430.3,3108.49,3108.49,3285.35,3285.35,647855.7199,647855.7199
2021-09-12,3267.1,3267.1,3474.16,3474.16,3231.1,3231.1,3404.21,3404.21,408858.9595,408858.9595
2021-09-11,3208.85,3208.85,3348.37,3348.37,3200.0,3200.0,3267.21,3267.21,413524.1761,413524.1761
2021-09-10,3424.94,3424.94,3514.11,3514.11,3150.0,3150.0,3208.86,3208.86,633026.2659,633026.2659
2021-09-09,3499.01,3499.01,3567.06,3567.06,3390.4,3390.4,3424.93,3424.93,628553.8831,628553.8831
2021-09-08,3434.84,3434.84,3560.0,3560.0,3215.16,3215.16,3499.0,3499.0,780611.7657,780611.7657
2021-09-07,3926.67,3926.67,3947.15,3947.15,3005.0,3005.0,3434.57,3434.57,1203536.00209,1203536.00209
2021-09-06,3950.28,3950.28,3970.0,3970.0,3864.3,3864.3,3926.77,3926.77,397768.5783,397768.5783
2021-09-05,3885.61,3885.61,3980.0,3980.0,3830.0,3830.0,3950.29,3950.29,365759.8597,365759.8597
2021-09-04,3938.11,3938.11,3970.0,3970.0,3832.5,3832.5,3885.52,3885.52,364478.1193,364478.1193
2021-09-03,3785.82,3785.82,4027.88,4027.88,3705.05,3705.05,3938.11,3938.11,655903.75739,655903.75739
2021-09-02,3826.82,3826.82,3836.8,3836.8,3717.04,3717.04,3785.82,3785.82,525165.7996,525165.7996
2021-09-01,3429.19,3429.19,3842.0,3842.0,3382.22,3382.22,3826.82,3826.82,845759.95868,845759.95868
2021-08-31,3229.14,3229.14,3476.0,3476.0,3188.77,3188.77,3429.2,3429.2,863071.13092,863071.13092
2021-08-30,3223.47,3223.47,3347.95,3347.95,3143.0,3143.0,3229.64,3229.64,625347.27541,625347.27541
2021-08-29,3244.75,3244.75,3285.0,3285.0,3152.34,3152.34,3223.47,3223.47,335806.7827,335806.7827
2021-08-28,3273.89,3273.89,3287.0,3287.0,3210.31,3210.31,3244.48,3244.48,262360.34921,262360.34921
2021-08-27,3093.06,3093.06,3280.0,3280.0,3060.18,3060.18,3273.45,3273.45,451027.80711,451027.80711
2021-08-26,3226.88,3226.88,3250.0,3250.0,3053.3,3053.3,3093.2,3093.2,442298.47372,442298.47372
2021-08-25,3170.63,3170.63,3248.0,3248.0,3080.0,3080.0,3226.87,3226.87,483697.69444,483697.69444
2021-08-24,3321.28,3321.28,3357.85,3357.85,3147.31,3147.31,3170.62,3170.62,540480.07853,540480.07853
2021-08-23,3238.0,3238.0,3377.89,3377.89,3230.02,3230.02,3321.28,3321.28,602103.44614,602103.44614
2021-08-22,3223.36,3223.36,3272.0,3272.0,3126.42,3126.42,3238.0,3238.0,406479.07654,406479.07654
2021-08-21,3284.81,3284.81,3309.16,3309.16,3207.0,3207.0,3223.43,3223.43,421156.09084,421156.09084
2021-08-20,3184.11,3184.11,3300.0,3300.0,3177.16,3177.16,3284.82,3284.82,558127.4554,558127.4554
2021-08-19,3014.18,3014.18,3188.0,3188.0,2958.33,2958.33,3184.12,3184.12,634769.92174,634769.92174
2021-08-18,3011.73,3011.73,3125.81,3125.81,2950.0,2950.0,3014.55,3014.55,625103.25568,625103.25568
2021-08-17,3147.18,3147.18,3290.0,3290.0,2991.89,2991.89,3011.72,3011.72,804996.06971,804996.06971
2021-08-16,3307.35,3307.35,3335.0,3335.0,3135.22,3135.22,3146.53,3146.53,635667.05422,635667.05422
2021-08-15,3263.16,3263.16,3320.0,3320.0,3111.13,3111.13,3307.09,3307.09,565579.67765,565579.67765
2021-08-14,3322.33,3322.33,3330.98,3330.98,3200.0,3200.0,3263.16,3263.16,486102.53787,486102.53787
2021-08-13,3046.11,3046.11,3327.83,3327.83,3033.8,3033.8,3322.32,3322.32,579333.40323,579333.40323
2021-08-12,3160.4,3160.4,3239.0,3239.0,2979.29,2979.29,3045.96,3045.96,737628.45808,737628.45808
2021-08-11,3141.14,3141.14,3274.0,3274.0,3120.27,3120.27,3160.5,3160.5,732546.60433,732546.60433
2021-08-10,3160.51,3160.51,3233.0,3233.0,3051.22,3051.22,3141.66,3141.66,880675.74443,880675.74443
2021-08-09,3011.84,3011.84,3186.0,3186.0,2893.23,2893.23,3160.52,3160.52,1129584.61614,1129584.61614
2021-08-08,3160.48,3160.48,3189.99,3189.99,2949.03,2949.03,3011.85,3011.85,966349.70579,966349.70579
2021-08-07,2891.54,2891.54,3171.0,3171.0,2865.5,2865.5,3160.31,3160.31,1205277.10095,1205277.10095
2021-08-06,2827.01,2827.01,2946.75,2946.75,2720.06,2720.06,2891.58,2891.58,825399.48637,825399.48637
2021-08-05,2724.55,2724.55,2843.98,2843.98,2529.91,2529.91,2826.99,2826.99,1307720.20654,1307720.20654
2021-08-04,2508.51,2508.51,2772.71,2772.71,2457.68,2457.68,2724.78,2724.78,954590.7536,954590.7536
2021-08-03,2606.92,2606.92,2632.44,2632.44,2442.32,2442.32,2509.04,2509.04,792960.84375,792960.84375
2021-08-02,2555.5,2555.5,2666.0,2666.0,2507.0,2507.0,2606.93,2606.93,726701.84952,726701.84952
2021-08-01,2531.1,2531.1,2697.61,2697.61,2511.24,2511.24,2555.69,2555.69,853495.94078,853495.94078
2021-07-31,2461.77,2461.77,2553.86,2553.86,2420.68,2420.68,2531.05,2531.05,507601.05026,507601.05026
2021-07-30,2382.93,2382.93,2471.7,2471.7,2315.92,2315.92,2461.81,2461.81,762577.28797,762577.28797
2021-07-29,2300.9,2300.9,2400.0,2400.0,2266.12,2266.12,2382.92,2382.92,499364.83496,499364.83496
2021-07-28,2299.47,2299.47,2345.0,2345.0,2243.15,2243.15,2300.9,2300.9,718202.57727,718202.57727
2021-07-27,2227.81,2227.81,2319.26,2319.26,2150.5,2150.5,2299.49,2299.49,906359.23478,906359.23478
2021-07-26,2189.82,2189.82,2433.65,2433.65,2171.57,2171.57,2228.08,2228.08,1393738.163,1393738.163
2021-07-25,2184.9,2184.9,2197.41,2197.41,2105.93,2105.93,2189.79,2189.79,535630.27,535630.27
2021-07-24,2124.26,2124.26,2199.5,2199.5,2105.58,2105.58,2184.75,2184.75,633075.18592,633075.18592
2021-07-23,2024.27,2024.27,2130.9,2130.9,1993.22,1993.22,2124.25,2124.25,708160.91322,708160.91322
2021-07-22,1995.5,1995.5,2046.0,2046.0,1947.62,1947.62,2024.56,2024.56,768854.3659,768854.3659
2021-07-21,1786.03,1786.03,2035.23,2035.23,1747.55,1747.55,1995.5,1995.5,1115949.82033,1115949.82033
2021-07-20,1818.73,1818.73,1841.34,1841.34,1706.0,1706.0,1786.03,1786.03,786257.272,786257.272
2021-07-19,1891.65,1891.65,1919.0,1919.0,1805.0,1805.0,1818.73,1818.73,547419.93771,547419.93771
2021-07-18,1899.5,1899.5,1993.79,1993.79,1877.1,1877.1,1891.64,1891.64,534837.63654,534837.63654
2021-07-17,1876.47,1876.47,1919.19,1919.19,1844.45,1844.45,1899.59,1899.59,430300.51578,430300.51578
2021-07-16,1919.54,1919.54,1965.0,1965.0,1850.0,1850.0,1876.26,1876.26,577068.89724,577068.89724
2021-07-15,1994.41,1994.41,2042.88,2042.88,1881.0,1881.0,1919.51,1919.51,645271.32563,645271.32563
2021-07-14,1940.44,1940.44,2019.18,2019.18,1865.0,1865.0,1994.58,1994.58,690505.60937,690505.60937
2021-07-13,2031.57,2031.57,2047.35,2047.35,1918.0,1918.0,1940.15,1940.15,647388.24969,647388.24969
2021-07-12,2140.54,2140.54,2167.83,2167.83,2006.68,2006.68,2031.58,2031.58,540630.10742,540630.10742
2021-07-11,2110.68,2110.68,2174.0,2174.0,2081.02,2081.02,2140.45,2140.45,342294.40302,342294.40302
2021-07-10,2146.99,2146.99,2194.82,2194.82,2074.16,2074.16,2110.69,2110.69,499071.85904,499071.85904
2021-07-09,2116.32,2116.32,2189.4,2189.4,2046.51,2046.51,2146.99,2146.99,738611.36304,738611.36304
2021-07-08,2316.25,2316.25,2325.6,2325.6,2084.79,2084.79,2116.33,2116.33,880265.04124,880265.04124
2021-07-07,2322.51,2322.51,2409.0,2409.0,2291.9,2291.9,2316.57,2316.57,666501.35572,666501.35572
2021-07-06,2196.85,2196.85,2350.0,2350.0,2193.0,2193.0,2322.5,2322.5,785330.17152,785330.17152
2021-07-05,2322.69,2322.69,2324.64,2324.64,2157.32,2157.32,2196.53,2196.53,781806.31605,781806.31605
2021-07-04,2226.99,2226.99,2389.93,2389.93,2189.58,2189.58,2322.69,2322.69,590656.25069,590656.25069
2021-07-03,2153.95,2153.95,2240.0,2240.0,2112.01,2112.01,2226.99,2226.99,569264.801,569264.801
2021-07-02,2106.41,2106.41,2160.0,2160.0,2018.5,2018.5,2154.13,2154.13,672282.37476,672282.37476
2021-07-01,2275.68,2275.68,2275.93,2275.93,2073.12,2073.12,2106.41,2106.41,787865.25137,787865.25137
2021-06-30,2165.46,2165.46,2287.78,2287.78,2087.99,2087.99,2275.68,2275.68,910583.6032,910583.6032
2021-06-29,2084.42,2084.42,2245.0,2245.0,2073.57,2073.57,2165.33,2165.33,831257.23277,831257.23277
2021-06-28,1982.27,1982.27,2145.0,2145.0,1960.52,1960.52,2084.41,2084.41,1044244.68308,1044244.68308
2021-06-27,1829.84,1829.84,1984.5,1984.5,1804.26,1804.26,1982.28,1982.28,696055.79307,696055.79307
2021-06-26,1808.97,1808.97,1852.8,1852.8,1717.32,1717.32,1829.64,1829.64,832315.14904,832315.14904
2021-06-25,1989.53,1989.53,2019.99,2019.99,1791.22,1791.22,1808.82,1808.82,858808.54767,858808.54767
2021-06-24,1967.95,1967.95,2036.61,2036.61,1884.79,1884.79,1989.52,1989.52,701231.67478,701231.67478
2021-06-23,1879.29,1879.29,2045.0,2045.0,1821.95,1821.95,1968.14,1968.14,918612.30494,918612.30494
2021-06-22,1885.27,1885.27,1998.0,1998.0,1700.48,1700.48,1879.28,1879.28,1695338.08052,1695338.08052
2021-06-21,2243.49,2243.49,2260.16,2260.16,1865.54,1865.54,1885.49,1885.49,1629819.66576,1629819.66576
2021-06-20,2165.34,2165.34,2280.01,2280.01,2040.68,2040.68,2243.47,2243.47,743883.64741,743883.64741
2021-06-19,2234.09,2234.09,2278.82,2278.82,2161.67,2161.67,2164.67,2164.67,496872.24997,496872.24997
2021-06-18,2373.28,2373.28,2378.0,2378.0,2139.0,2139.0,2234.09,2234.09,778905.20197,778905.20197
2021-06-17,2368.02,2368.02,2460.5,2460.5,2306.0,2306.0,2373.28,2373.28,560667.58566,560667.58566
2021-06-16,2543.55,2543.55,2556.19,2556.19,2351.18,2351.18,2367.89,2367.89,624741.78358,624741.78358
2021-06-15,2580.58,2580.58,2640.0,2640.0,2507.7,2507.7,2543.54,2543.54,599826.64933,599826.64933
2021-06-14,2509.33,2509.33,2609.17,2609.17,2461.0,2461.0,2580.77,2580.77,684183.55622,684183.55622
2021-06-13,2370.64,2370.64,2548.41,2548.41,2308.41,2308.41,2509.33,2509.33,715948.75986,715948.75986
2021-06-12,2354.09,2354.09,2454.53,2454.53,2256.22,2256.22,2370.74,2370.74,767439.4984,767439.4984
2021-06-11,2471.01,2471.01,2497.99,2497.99,2321.37,2321.37,2354.01,2354.01,587364.27358,587364.27358
2021-06-10,2610.2,2610.2,2624.46,2624.46,2425.11,2425.11,2471.09,2471.09,741237.49926,741237.49926
2021-06-09,2507.43,2507.43,2626.63,2626.63,2405.28,2405.28,2610.18,2610.18,1276718.24011,1276718.24011
2021-06-08,2592.05,2592.05,2620.99,2620.99,2304.91,2304.91,2507.23,2507.23,1693747.42759,1693747.42759
2021-06-07,2711.92,2711.92,2847.55,2847.55,2570.0,2570.0,2592.05,2592.05,1152128.07856,1152128.07856
2021-06-06,2627.63,2627.63,2745.0,2745.0,2614.0,2614.0,2711.92,2711.92,673792.69369,673792.69369
2021-06-05,2689.54,2689.54,2816.87,2816.87,2552.23,2552.23,2627.73,2627.73,961824.12413,961824.12413
2021-06-04,2857.25,2857.25,2860.0,2860.0,2552.0,2552.0,2689.51,2689.51,1188314.11191,1188314.11191
2021-06-03,2706.21,2706.21,2891.95,2891.95,2662.4,2662.4,2857.25,2857.25,1024290.89423,1024290.89423
2021-06-02,2634.31,2634.31,2802.99,2802.99,2550.0,2550.0,2706.22,2706.22,970070.53563,970070.53563
2021-06-01,2706.15,2706.15,2740.0,2740.0,2523.74,2523.74,2634.57,2634.57,1179577.10806,1179577.10806
2021-05-31,2385.82,2385.82,2720.0,2720.0,2271.44,2271.44,2706.15,2706.15,1307958.04068,1307958.04068
2021-05-30,2278.74,2278.74,2476.42,2476.42,2180.53,2180.53,2385.98,2385.98,1151113.19883,1151113.19883
2021-05-29,2412.34,2412.34,2574.27,2574.27,2204.1,2204.1,2278.74,2278.74,1379427.18851,1379427.18851
2021-05-28,2742.23,2742.23,2762.45,2762.45,2327.38,2327.38,2412.1,2412.1,1554584.61362,1554584.61362
2021-05-27,2884.82,2884.82,2889.74,2889.74,2633.68,2633.68,2742.23,2742.23,1099029.91206,1099029.91206
2021-05-26,2705.1,2705.1,2910.0,2910.0,2643.0,2643.0,2884.94,2884.94,1583799.59251,1583799.59251
2021-05-25,2647.92,2647.92,2750.0,2750.0,2378.54,2378.54,2705.11,2705.11,2115349.50445,2115349.50445
2021-05-24,2096.63,2096.63,2675.0,2675.0,2079.94,2079.94,2648.43,2648.43,2186632.92245,2186632.92245
2021-05-23,2295.45,2295.45,2381.57,2381.57,1728.74,1728.74,2096.39,2096.39,2914548.73125,2914548.73125
2021-05-22,2430.98,2430.98,2485.0,2485.0,2145.0,2145.0,2294.87,2294.87,1684318.01157,1684318.01157
2021-05-21,2767.87,2767.87,2938.54,2938.54,2101.0,2101.0,2430.98,2430.98,2727031.93514,2727031.93514
2021-05-20,2438.92,2438.92,2990.05,2990.05,2155.0,2155.0,2768.62,2768.62,2942777.9301,2942777.9301
2021-05-19,3375.08,3375.08,3441.73,3441.73,1888.0,1888.0,2438.92,2438.92,4309836.31939,4309836.31939
2021-05-18,3282.25,3282.25,3565.71,3565.71,3240.0,3240.0,3375.07,3375.07,1287110.84143,1287110.84143
2021-05-17,3581.81,3581.81,3587.06,3587.06,3102.0,3102.0,3282.51,3282.51,1904012.43998,1904012.43998
2021-05-16,3646.24,3646.24,3879.0,3879.0,3343.06,3343.06,3582.1,3582.1,1324065.65875,1324065.65875
2021-05-15,4075.02,4075.02,4134.05,4134.05,3632.0,3632.0,3646.68,3646.68,1039174.88082,1039174.88082
2021-05-14,3717.92,3717.92,4173.28,4173.28,3691.35,3691.35,4075.01,4075.01,1153390.42631,1153390.42631
2021-05-13,3810.15,3810.15,4034.77,4034.77,3500.0,3500.0,3717.91,3717.91,2068708.17427,2068708.17427
2021-05-12,4173.46,4173.46,4372.72,4372.72,3701.58,3701.58,3823.21,3823.21,1601842.74017,1601842.74017
2021-05-11,3946.63,3946.63,4180.22,4180.22,3771.64,3771.64,4173.45,4173.45,1095927.10403,1095927.10403
2021-05-10,3923.95,3923.95,4208.0,4208.0,3650.0,3650.0,3945.88,3945.88,1505897.92612,1505897.92612
2021-05-09,3910.26,3910.26,3983.65,3983.65,3726.08,3726.08,3923.95,3923.95,1000401.0082,1000401.0082
2021-05-08,3479.79,3479.79,3958.33,3958.33,3449.27,3449.27,3910.26,3910.26,1130467.54852,1130467.54852
2021-05-07,3489.74,3489.74,3587.0,3587.0,3353.23,3353.23,3479.53,3479.53,760544.64781,760544.64781
2021-05-06,3524.33,3524.33,3605.4,3605.4,3376.47,3376.47,3489.73,3489.73,920592.57706,920592.57706
2021-05-05,3239.01,3239.01,3549.34,3549.34,3200.23,3200.23,3524.26,3524.26,1174816.73588,1174816.73588
2021-05-04,3431.04,3431.04,3527.0,3527.0,3160.0,3160.0,3239.01,3239.01,1826039.38558,1826039.38558
2021-05-03,2949.33,2949.33,3454.0,3454.0,2949.32,2949.32,3431.04,3431.04,1329088.0628,1329088.0628
2021-05-02,2944.83,2944.83,2985.0,2985.0,2852.26,2852.26,2949.56,2949.56,571982.5445,571982.5445
2021-05-01,2772.42,2772.42,2954.28,2954.28,2743.41,2743.41,2944.77,2944.77,690260.07741,690260.07741
2021-04-30,2757.04,2757.04,2798.3,2798.3,2723.09,2723.09,2772.42,2772.42,695339.20482,695339.20482
2021-04-29,2748.23,2748.23,2798.0,2798.0,2668.0,2668.0,2757.04,2757.04,863890.01069,863890.01069
2021-04-28,2666.13,2666.13,2760.0,2760.0,2559.44,2559.44,2748.24,2748.24,999383.1852,999383.1852
2021-04-27,2532.06,2532.06,2680.0,2680.0,2480.29,2480.29,2666.13,2666.13,771728.46451,771728.46451
2021-04-26,2320.44,2320.44,2542.8,2542.8,2303.64,2303.64,2532.6,2532.6,1076469.01367,1076469.01367
2021-04-25,2214.08,2214.08,2356.64,2356.64,2168.0,2168.0,2320.49,2320.49,857517.38218,857517.38218
2021-04-24,2367.39,2367.39,2368.74,2368.74,2154.8,2154.8,2213.35,2213.35,997688.94623,997688.94623
2021-04-23,2397.94,2397.94,2442.89,2442.89,2107.0,2107.0,2367.39,2367.39,2532242.44185,2532242.44185
2021-04-22,2357.06,2357.06,2644.47,2644.47,2303.44,2303.44,2397.94,2397.94,2220753.09746,2220753.09746
2021-04-21,2330.26,2330.26,2469.54,2469.54,2235.16,2235.16,2357.06,2357.06,1177885.8617,1177885.8617
2021-04-20,2161.12,2161.12,2346.62,2346.62,2055.0,2055.0,2330.03,2330.03,992240.809,992240.809
2021-04-19,2235.65,2235.65,2300.0,2300.0,2080.0,2080.0,2161.12,2161.12,820592.26555,820592.26555
2021-04-18,2317.65,2317.65,2340.0,2340.0,1946.8,1946.8,2235.64,2235.64,1475383.69204,1475383.69204
2021-04-17,2422.38,2422.38,2495.0,2495.0,2310.0,2310.0,2317.6,2317.6,624232.25568,624232.25568
2021-04-16,2514.04,2514.04,2548.29,2548.29,2300.0,2300.0,2422.67,2422.67,999163.75205,999163.75205
2021-04-15,2432.59,2432.59,2543.47,2543.47,2400.0,2400.0,2514.04,2514.04,681950.96645,681950.96645
2021-04-14,2299.19,2299.19,2447.29,2447.29,2281.33,2281.33,2432.6,2432.6,972931.60866,972931.60866
2021-04-13,2137.86,2137.86,2318.0,2318.0,2135.53,2135.53,2299.19,2299.19,782608.6209,782608.6209
2021-04-12,2151.42,2151.42,2203.46,2203.46,2102.0,2102.0,2137.69,2137.69,579093.35694,579093.35694
2021-04-11,2133.49,2133.49,2165.02,2165.02,2113.4,2113.4,2151.36,2151.36,392265.50773,392265.50773
2021-04-10,2067.19,2067.19,2200.0,2200.0,2058.0,2058.0,2133.49,2133.49,655458.20894,655458.20894
2021-04-09,2080.39,2080.39,2100.0,2100.0,2047.57,2047.57,2066.87,2066.87,426387.4379,426387.4379
2021-04-08,1963.46,1963.46,2084.61,2084.61,1947.35,1947.35,2080.46,2080.46,501355.998,501355.998
2021-04-07,2112.22,2112.22,2129.01,2129.01,1930.01,1930.01,1963.47,1963.47,892984.90422,892984.90422
2021-04-06,2107.43,2107.43,2151.0,2151.0,2044.65,2044.65,2112.21,2112.21,673386.05575,673386.05575
2021-04-05,2075.7,2075.7,2130.64,2130.64,2002.15,2002.15,2107.38,2107.38,684923.61494,684923.61494
2021-04-04,2008.59,2008.59,2091.83,2091.83,1975.24,1975.24,2075.69,2075.69,514345.76554,514345.76554
2021-04-03,2133.69,2133.69,2138.12,2138.12,1996.3,1996.3,2008.52,2008.52,770176.32192,770176.32192
2021-04-02,1968.05,1968.05,2146.0,2146.0,1948.48,1948.48,2133.69,2133.69,846197.93215,846197.93215
2021-04-01,1919.37,1919.37,1984.77,1984.77,1885.02,1885.02,1968.05,1968.05,741585.07266,741585.07266
2021-03-31,1840.41,1840.41,1947.29,1947.29,1768.15,1768.15,1919.37,1919.37,746995.8591,746995.8591
2021-03-30,1816.76,1816.76,1859.13,1859.13,1786.3,1786.3,1840.46,1840.46,568842.00526,568842.00526
2021-03-29,1687.16,1687.16,1841.0,1841.0,1677.85,1677.85,1816.74,1816.74,647724.46387,647724.46387
2021-03-28,1712.52,1712.52,1725.66,1725.66,1661.4,1661.4,1687.01,1687.01,348895.51314,348895.51314
2021-03-27,1698.84,1698.84,1732.67,1732.67,1666.41,1666.41,1712.63,1712.63,443845.49957,443845.49957
2021-03-26,1585.83,1585.83,1699.93,1699.93,1585.79,1585.79,1698.84,1698.84,515470.92907,515470.92907
2021-03-25,1581.88,1581.88,1622.0,1622.0,1549.4,1549.4,1585.74,1585.74,701697.00258,701697.00258
2021-03-24,1668.2,1668.2,1740.86,1740.86,1536.92,1536.92,1581.84,1581.84,753834.52393,753834.52393
2021-03-23,1681.17,1681.17,1721.17,1721.17,1650.0,1650.0,1668.08,1668.08,577213.99589,577213.99589
2021-03-22,1783.23,1783.23,1807.51,1807.51,1655.15,1655.15,1680.97,1680.97,582727.49081,582727.49081
2021-03-21,1806.57,1806.57,1817.16,1817.16,1747.0,1747.0,1782.98,1782.98,465953.98749,465953.98749
2021-03-20,1809.01,1809.01,1868.83,1868.83,1800.86,1800.86,1806.1,1806.1,451556.10639,451556.10639
2021-03-19,1775.92,1775.92,1840.61,1840.61,1733.47,1733.47,1809.1,1809.1,500258.42875,500258.42875
2021-03-18,1823.58,1823.58,1850.0,1850.0,1759.04,1759.04,1776.08,1776.08,603721.61056,603721.61056
2021-03-17,1805.01,1805.01,1838.88,1838.88,1741.18,1741.18,1823.58,1823.58,658349.44843,658349.44843
2021-03-16,1793.99,1793.99,1819.5,1819.5,1711.68,1711.68,1805.12,1805.12,764993.40147,764993.40147
2021-03-15,1848.1,1848.1,1891.76,1891.76,1730.0,1730.0,1793.48,1793.48,1025326.79658,1025326.79658
2021-03-14,1922.35,1922.35,1933.1,1933.1,1836.0,1836.0,1848.1,1848.1,637963.63627,637963.63627
2021-03-13,1766.13,1766.13,1944.3,1944.3,1727.75,1727.75,1922.35,1922.35,926283.22642,926283.22642
2021-03-12,1825.78,1825.78,1841.88,1841.88,1719.72,1719.72,1766.1,1766.1,869564.6361,869564.6361
2021-03-11,1795.28,1795.28,1846.7,1846.7,1725.0,1725.0,1825.78,1825.78,909011.4961,909011.4961
2021-03-10,1870.5,1870.5,1877.69,1877.69,1757.0,1757.0,1795.12,1795.12,937230.62831,937230.62831
2021-03-09,1833.22,1833.22,1870.77,1870.77,1798.2,1798.2,1870.51,1870.51,857229.47855,857229.47855
2021-03-08,1726.46,1726.46,1843.59,1843.59,1664.96,1664.96,1833.18,1833.18,1149711.39987,1149711.39987
2021-03-07,1650.68,1650.68,1734.16,1734.16,1630.35,1630.35,1726.16,1726.16,848470.78136,848470.78136
2021-03-06,1528.08,1528.08,1671.58,1671.58,1513.03,1513.03,1650.35,1650.35,1013300.93928,1013300.93928
2021-03-05,1539.22,1539.22,1548.96,1548.96,1441.66,1441.66,1528.31,1528.31,910786.28976,910786.28976
2021-03-04,1567.68,1567.68,1624.87,1624.87,1506.36,1506.36,1539.23,1539.23,946365.67088,946365.67088
2021-03-03,1486.79,1486.79,1656.94,1656.94,1475.47,1475.47,1567.69,1567.69,1054846.31471,1054846.31471
2021-03-02,1570.0,1570.0,1602.9,1602.9,1455.52,1455.52,1486.78,1486.78,1061142.38743,1061142.38743
2021-03-01,1418.67,1418.67,1572.0,1572.0,1409.91,1409.91,1569.86,1569.86,1094695.17839,1094695.17839
2021-02-28,1458.27,1458.27,1468.75,1468.75,1293.18,1293.18,1419.18,1419.18,1410207.56284,1410207.56284
2021-02-27,1444.56,1444.56,1529.0,1529.0,1425.0,1425.0,1458.13,1458.13,927423.0475,927423.0475
2021-02-26,1482.08,1482.08,1562.25,1562.25,1400.0,1400.0,1444.59,1444.59,1355973.29378,1355973.29378
2021-02-25,1623.16,1623.16,1671.59,1671.59,1459.16,1459.16,1481.75,1481.75,1032670.79409,1032670.79409
2021-02-24,1577.79,1577.79,1712.7,1712.7,1500.2,1500.2,1623.39,1623.39,1384388.81727,1384388.81727
2021-02-23,1777.42,1777.42,1782.39,1782.39,1355.0,1355.0,1577.89,1577.89,2547837.82068,2547837.82068
2021-02-22,1933.54,1933.54,1936.29,1936.29,1551.0,1551.0,1777.58,1777.58,1807244.98099,1807244.98099
2021-02-21,1912.9,1912.9,1976.31,1976.31,1883.01,1883.01,1933.53,1933.53,756568.19743,756568.19743
2021-02-20,1955.46,1955.46,2042.34,2042.34,1803.14,1803.14,1913.0,1913.0,1261315.81279,1261315.81279
2021-02-19,1938.91,1938.91,1972.82,1972.82,1891.0,1891.0,1955.0,1955.0,793404.4115,793404.4115
2021-02-18,1849.7,1849.7,1950.5,1950.5,1849.69,1849.69,1939.61,1939.61,937227.10191,937227.10191
2021-02-17,1781.99,1781.99,1855.0,1855.0,1733.01,1733.01,1849.88,1849.88,795711.63311,795711.63311
2021-02-16,1779.33,1779.33,1827.28,1827.28,1724.0,1724.0,1781.99,1781.99,817493.47513,817493.47513
2021-02-15,1800.03,1800.03,1835.72,1835.72,1655.67,1655.67,1779.25,1779.25,1053474.57879,1053474.57879
2021-02-14,1815.25,1815.25,1850.0,1850.0,1784.11,1784.11,1800.42,1800.42,675261.77873,675261.77873
2021-02-13,1840.24,1840.24,1871.72,1871.72,1765.0,1765.0,1814.96,1814.96,767589.07285,767589.07285
2021-02-12,1785.83,1785.83,1864.88,1864.88,1739.88,1739.88,1840.26,1840.26,909600.20653,909600.20653
2021-02-11,1740.76,1740.76,1819.0,1819.0,1703.44,1703.44,1785.62,1785.62,735079.82699,735079.82699
2021-02-10,1769.14,1769.14,1837.86,1837.86,1680.0,1680.0,1740.78,1740.78,1219932.25474,1219932.25474
2021-02-09,1749.68,1749.68,1821.88,1821.88,1708.49,1708.49,1769.13,1769.13,1185071.89593,1185071.89593
2021-02-08,1611.46,1611.46,1775.57,1775.57,1563.89,1563.89,1750.15,1750.15,1339777.09536,1339777.09536
2021-02-07,1676.35,1676.35,1693.0,1693.0,1490.46,1490.46,1611.62,1611.62,1281734.86814,1281734.86814
2021-02-06,1718.95,1718.95,1743.67,1743.67,1642.94,1642.94,1676.35,1676.35,1149808.33101,1149808.33101
2021-02-05,1595.53,1595.53,1760.49,1760.49,1591.0,1591.0,1719.19,1719.19,1194123.29946,1194123.29946
2021-02-04,1664.67,1664.67,1695.2,1695.2,1554.44,1554.44,1595.67,1595.67,1646502.32962,1646502.32962
2021-02-03,1511.93,1511.93,1669.35,1669.35,1508.39,1508.39,1664.49,1664.49,1535869.88801,1535869.88801
2021-02-02,1374.09,1374.09,1547.9,1547.9,1360.28,1360.28,1511.87,1511.87,1944227.99878,1944227.99878
2021-02-01,1312.45,1312.45,1377.99,1377.99,1269.99,1269.99,1374.17,1374.17,1096397.91862,1096397.91862
2021-01-31,1378.04,1378.04,1380.74,1380.74,1281.12,1281.12,1312.55,1312.55,958704.85571,958704.85571
2021-01-30,1379.56,1379.56,1406.0,1406.0,1326.41,1326.41,1378.05,1378.05,1040042.2363,1040042.2363
2021-01-29,1329.44,1329.44,1436.9,1436.9,1285.35,1285.35,1379.5,1379.5,2253963.18682,2253963.18682
2021-01-28,1238.93,1238.93,1360.0,1360.0,1217.23,1217.23,1329.69,1329.69,1365269.71962,1365269.71962
2021-01-27,1366.54,1366.54,1373.9,1373.9,1207.0,1207.0,1239.03,1239.03,2009772.08358,2009772.08358
2021-01-26,1317.6,1317.6,1378.49,1378.49,1244.56,1244.56,1365.97,1365.97,1682923.65799,1682923.65799
2021-01-25,1392.19,1392.19,1475.0,1475.0,1293.69,1293.69,1317.88,1317.88,1885441.31289,1885441.31289
2021-01-24,1233.46,1233.46,1398.83,1398.83,1220.0,1220.0,1392.51,1392.51,1510879.53817,1510879.53817
2021-01-23,1232.61,1232.61,1272.44,1272.44,1195.9,1195.9,1233.6,1233.6,1009545.08258,1009545.08258
2021-01-22,1111.98,1111.98,1273.79,1273.79,1042.31,1042.31,1232.62,1232.62,2020593.21673,2020593.21673
2021-01-21,1376.72,1376.72,1390.0,1390.0,1086.0,1086.0,1110.96,1110.96,2310208.57298,2310208.57298
2021-01-20,1365.36,1365.36,1407.93,1407.93,1235.42,1235.42,1376.99,1376.99,2219137.62144,2219137.62144
2021-01-19,1258.52,1258.52,1438.3,1438.3,1251.49,1251.49,1365.36,1365.36,2278852.55758,2278852.55758
2021-01-18,1232.5,1232.5,1260.75,1260.75,1182.58,1182.58,1258.45,1258.45,998050.11073,998050.11073
2021-01-17,1227.83,1227.83,1269.02,1269.02,1165.0,1165.0,1232.45,1232.45,1317285.00579,1317285.00579
2021-01-16,1168.48,1168.48,1298.0,1298.0,1151.77,1151.77,1227.83,1227.83,1575384.43797,1575384.43797
2021-01-15,1231.89,1231.89,1256.98,1256.98,1069.42,1069.42,1168.53,1168.53,1944038.83738,1944038.83738
2021-01-14,1129.79,1129.79,1247.55,1247.55,1086.7,1086.7,1231.62,1231.62,1555737.38556,1555737.38556
2021-01-13,1050.36,1050.36,1137.65,1137.65,987.48,987.48,1129.89,1129.89,1564202.39081,1564202.39081
2021-01-12,1087.0,1087.0,1150.02,1150.02,1006.33,1006.33,1050.16,1050.16,2302645.34052,2302645.34052
2021-01-11,1254.24,1254.24,1260.0,1260.0,915.0,915.0,1087.01,1087.01,4099450.90046,4099450.90046
2021-01-10,1276.0,1276.0,1348.33,1348.33,1170.0,1170.0,1254.25,1254.25,1951179.35003,1951179.35003
2021-01-09,1216.72,1216.72,1304.37,1304.37,1171.36,1171.36,1276.0,1276.0,1448871.11514,1448871.11514
2021-01-08,1224.86,1224.86,1273.75,1273.75,1065.0,1065.0,1216.93,1216.93,2131172.92341,2131172.92341
2021-01-07,1208.75,1208.75,1289.0,1289.0,1131.0,1131.0,1224.87,1224.87,1972922.82059,1972922.82059
2021-01-06,1100.16,1100.16,1213.0,1213.0,1057.26,1057.26,1208.42,1208.42,2390136.59334,2390136.59334
2021-01-05,1041.45,1041.45,1134.6,1134.6,974.45,974.45,1099.56,1099.56,2706995.67525,2706995.67525
2021-01-04,978.33,978.33,1162.97,1162.97,890.0,890.0,1041.43,1041.43,4245010.94004,4245010.94004
2021-01-03,774.44,774.44,1011.07,1011.07,768.71,768.71,978.28,978.28,2813603.88615,2813603.88615
2021-01-02,728.91,728.91,787.69,787.69,714.91,714.91,774.56,774.56,1352618.57668,1352618.57668
2021-01-01,736.42,736.42,749.0,749.0,714.29,714.29,728.91,728.91,675114.09329,675114.09329
2020-12-31,752.17,752.17,755.74,755.74,722.0,722.0,736.42,736.42,863375.57981,863375.57981
2020-12-30,732.0,732.0,758.74,758.74,716.62,716.62,752.17,752.17,1008574.09906,1008574.09906
2020-12-29,730.4,730.4,740.78,740.78,689.2,689.2,732.0,732.0,1106876.35855,1106876.35855
2020-12-28,685.1,685.1,748.09,748.09,681.04,681.04,730.41,730.41,1627154.39266,1627154.39266
2020-12-27,637.44,637.44,717.13,717.13,625.0,625.0,685.11,685.11,1859968.15029,1859968.15029
2020-12-26,626.78,626.78,652.91,652.91,615.26,615.26,637.44,637.44,958585.50647,958585.50647
2020-12-25,612.31,612.31,634.24,634.24,604.28,604.28,626.82,626.82,798009.62915,798009.62915
2020-12-24,585.48,585.48,615.02,615.02,565.43,565.43,612.31,612.31,886335.86333,886335.86333
2020-12-23,636.41,636.41,638.44,638.44,551.28,551.28,585.56,585.56,1208807.36518,1208807.36518
2020-12-22,607.68,607.68,637.73,637.73,588.0,588.0,636.45,636.45,918851.25654,918851.25654
2020-12-21,638.1,638.1,648.0,648.0,595.9,595.9,607.58,607.58,843251.16565,843251.16565
2020-12-20,658.05,658.05,661.39,661.39,621.01,621.01,638.18,638.18,823958.22843,823958.22843
2020-12-19,653.76,653.76,669.95,669.95,645.42,645.42,658.03,658.03,858803.88459,858803.88459
2020-12-18,642.71,642.71,664.61,664.61,629.4,629.4,653.85,653.85,1000012.98018,1000012.98018
2020-12-17,637.18,637.18,676.25,676.25,625.76,625.76,642.7,642.7,2006130.01975,2006130.01975
2020-12-16,588.78,588.78,640.0,640.0,580.71,580.71,637.18,637.18,1185588.05078,1185588.05078
2020-12-15,586.29,586.29,597.2,597.2,578.58,578.58,588.64,588.64,569270.52011,569270.52011
2020-12-14,590.81,590.81,591.48,591.48,575.6,575.6,586.29,586.29,493012.02706,493012.02706
2020-12-13,568.09,568.09,595.0,595.0,563.22,563.22,590.7,590.7,657794.46158,657794.46158
2020-12-12,544.46,544.46,574.0,574.0,543.1,543.1,568.04,568.04,573913.95311,573913.95311
2020-12-11,558.99,558.99,560.8,560.8,535.5,535.5,544.43,544.43,768921.78317,768921.78317
2020-12-10,573.2,573.2,575.7,575.7,548.11,548.11,558.99,558.99,608414.51466,608414.51466
2020-12-09,554.92,554.92,578.08,578.08,530.43,530.43,573.09,573.09,997192.16738,997192.16738
2020-12-08,591.27,591.27,595.0,595.0,549.22,549.22,554.94,554.94,804443.00717,804443.00717
2020-12-07,601.59,601.59,603.15,603.15,584.22,584.22,591.28,591.28,498329.37589,498329.37589
2020-12-06,596.82,596.82,607.5,607.5,583.0,583.0,601.54,601.54,602496.96339,602496.96339
2020-12-05,567.24,567.24,597.11,597.11,560.88,560.88,596.8,596.8,701567.95564,701567.95564
2020-12-04,615.84,615.84,620.0,620.0,565.82,565.82,567.24,567.24,1052452.78666,1052452.78666
2020-12-03,596.88,596.88,623.44,623.44,585.82,585.82,615.85,615.85,935687.91723,935687.91723
2020-12-02,585.26,585.26,604.93,604.93,575.0,575.0,596.89,596.89,1069538.65619,1069538.65619
2020-12-01,616.65,616.65,635.7,635.7,560.0,560.0,585.26,585.26,2163875.81376,2163875.81376
2020-11-30,576.32,576.32,616.85,616.85,570.07,570.07,616.66,616.66,1501989.45408,1501989.45408
2020-11-29,537.5,537.5,576.9,576.9,530.32,530.32,576.3,576.3,855276.46664,855276.46664
2020-11-28,518.59,518.59,547.94,547.94,506.59,506.59,537.52,537.52,900508.61431,900508.61431
2020-11-27,519.83,519.83,530.62,530.62,493.72,493.72,518.68,518.68,1088064.28114,1088064.28114
2020-11-26,569.38,569.38,577.14,577.14,481.0,481.0,519.83,519.83,2683460.74171,2683460.74171
2020-11-25,604.98,604.98,606.0,606.0,553.83,553.83,569.5,569.5,1219440.02727,1219440.02727
2020-11-24,608.58,608.58,623.0,623.0,585.0,585.0,604.97,604.97,1606450.49193,1606450.49193
2020-11-23,560.03,560.03,610.85,610.85,550.12,550.12,608.58,608.58,2076008.84846,2076008.84846
2020-11-22,552.42,552.42,580.88,580.88,511.28,511.28,560.03,560.03,1850317.93581,1850317.93581
2020-11-21,510.12,510.12,553.32,553.32,502.82,502.82,552.35,552.35,1548851.29067,1548851.29067
2020-11-20,471.26,471.26,514.4,514.4,470.65,470.65,510.12,510.12,1516361.90736,1516361.90736
2020-11-19,478.43,478.43,480.75,480.75,464.86,464.86,471.25,471.25,817418.52685,817418.52685
2020-11-18,482.11,482.11,495.31,495.31,456.6,456.6,478.41,478.41,1477696.29116,1477696.29116
2020-11-17,460.51,460.51,484.88,484.88,459.8,459.8,482.15,482.15,1151573.37456,1151573.37456
2020-11-16,448.07,448.07,466.0,466.0,445.45,445.45,460.55,460.55,812060.44638,812060.44638
2020-11-15,460.9,460.9,462.89,462.89,440.19,440.19,448.08,448.08,665217.56671,665217.56671
2020-11-14,476.42,476.42,477.47,477.47,452.0,452.0,460.89,460.89,735252.7854,735252.7854
2020-11-13,462.48,462.48,478.01,478.01,457.12,457.12,476.43,476.43,976665.09752,976665.09752
2020-11-12,463.09,463.09,470.0,470.0,451.2,451.2,462.39,462.39,990776.62912,990776.62912
2020-11-11,450.34,450.34,476.25,476.25,449.28,449.28,463.09,463.09,1205782.84262,1205782.84262
2020-11-10,444.32,444.32,455.0,455.0,438.7,438.7,450.34,450.34,866872.41108,866872.41108
2020-11-09,454.29,454.29,459.1,459.1,433.09,433.09,444.32,444.32,1099213.24641,1099213.24641
2020-11-08,435.2,435.2,460.1,460.1,431.99,431.99,454.3,454.3,840908.46841,840908.46841
2020-11-07,455.91,455.91,468.28,468.28,424.14,424.14,435.21,435.21,1653416.5961,1653416.5961
2020-11-06,416.73,416.73,458.27,458.27,414.76,414.76,455.91,455.91,1682440.96026,1682440.96026
2020-11-05,402.5,402.5,420.4,420.4,396.14,396.14,416.69,416.69,1475139.77342,1475139.77342
2020-11-04,387.88,387.88,408.39,408.39,376.47,376.47,402.49,402.49,1157064.35076,1157064.35076
2020-11-03,383.01,383.01,390.0,390.0,370.23,370.23,387.88,387.88,752954.37114,752954.37114
2020-11-02,396.68,396.68,404.5,404.5,377.92,377.92,383.02,383.02,779968.57957,779968.57957
2020-11-01,386.44,386.44,398.29,398.29,384.61,384.61,396.67,396.67,438952.95565,438952.95565
2020-10-31,382.59,382.59,394.88,394.88,379.9,379.9,386.46,386.46,467453.8105,467453.8105
2020-10-30,387.12,387.12,391.97,391.97,373.29,373.29,382.49,382.49,771750.74746,771750.74746
2020-10-29,388.22,388.22,393.72,393.72,380.52,380.52,387.13,387.13,573096.01416,573096.01416
2020-10-28,403.41,403.41,409.2,409.2,380.52,380.52,388.23,388.23,855275.46882,855275.46882
2020-10-27,392.52,392.52,410.25,410.25,389.9,389.9,403.45,403.45,754261.74114,754261.74114
2020-10-26,405.85,405.85,411.11,411.11,382.3,382.3,392.52,392.52,895142.67266,895142.67266
2020-10-25,412.14,412.14,417.4,417.4,402.5,402.5,405.86,405.86,415586.9761,415586.9761
2020-10-24,409.19,409.19,416.66,416.66,407.0,407.0,412.14,412.14,419236.87106,419236.87106
2020-10-23,413.94,413.94,419.33,419.33,401.3,401.3,409.11,409.11,727832.3224,727832.3224
2020-10-22,390.31,390.31,420.73,420.73,390.21,390.21,413.98,413.98,1095897.20667,1095897.20667
2020-10-21,368.53,368.53,401.49,401.49,367.74,367.74,390.38,390.38,1221663.63784,1221663.63784
2020-10-20,379.3,379.3,380.73,380.73,365.27,365.27,368.52,368.52,617309.81677,617309.81677
2020-10-19,378.12,378.12,384.32,384.32,372.5,372.5,379.3,379.3,577252.90265,577252.90265
2020-10-18,368.31,368.31,378.64,378.64,367.1,367.1,378.11,378.11,323468.47095,323468.47095
2020-10-17,365.5,365.5,370.46,370.46,363.36,363.36,368.32,368.32,285578.24537,285578.24537
2020-10-16,377.63,377.63,379.83,379.83,361.18,361.18,365.5,365.5,654029.36404,654029.36404
2020-10-15,378.69,378.69,381.79,381.79,369.85,369.85,377.64,377.64,634038.09453,634038.09453
2020-10-14,381.05,381.05,387.41,387.41,373.13,373.13,378.69,378.69,569557.82936,569557.82936
2020-10-13,386.51,386.51,387.75,387.75,374.51,374.51,381.04,381.04,645141.91394,645141.91394
2020-10-12,374.17,374.17,394.8,394.8,365.58,365.58,386.51,386.51,844422.65444,844422.65444
2020-10-11,370.51,370.51,377.6,377.6,368.87,368.87,374.16,374.16,373318.23779,373318.23779
2020-10-10,365.01,365.01,378.4,378.4,364.71,364.71,370.52,370.52,591005.32129,591005.32129
2020-10-09,350.94,350.94,368.33,368.33,347.32,347.32,365.02,365.02,650478.19338,650478.19338
2020-10-08,341.58,341.58,353.32,353.32,334.21,334.21,350.95,350.95,631794.8756,631794.8756
2020-10-07,340.8,340.8,342.85,342.85,332.18,332.18,341.58,341.58,541928.86376,541928.86376
2020-10-06,353.63,353.63,355.1,355.1,336.8,336.8,340.75,340.75,640063.26951,640063.26951
2020-10-05,352.34,352.34,356.1,356.1,348.54,348.54,353.62,353.62,376740.30692,376740.30692
2020-10-04,345.94,345.94,354.45,354.45,343.81,343.81,352.37,352.37,343932.91712,343932.91712
2020-10-03,345.6,345.6,351.0,351.0,343.7,343.7,345.95,345.95,303595.71901,303595.71901
2020-10-02,352.83,352.83,354.55,354.55,334.24,334.24,345.6,345.6,733571.84211,733571.84211
2020-10-01,359.83,359.83,370.45,370.45,345.51,345.51,352.85,352.85,758349.31959,758349.31959
2020-09-30,359.78,359.78,361.5,361.5,351.56,351.56,359.83,359.83,498943.23226,498943.23226
2020-09-29,353.91,353.91,360.63,360.63,350.45,350.45,359.79,359.79,585143.16892,585143.16892
2020-09-28,357.58,357.58,368.2,368.2,351.7,351.7,353.96,353.96,757758.4304,757758.4304
2020-09-27,353.95,353.95,362.14,362.14,347.24,347.24,357.49,357.49,569568.55041,569568.55041
2020-09-26,351.93,351.93,356.4,356.4,345.88,345.88,353.92,353.92,530879.20755,530879.20755
2020-09-25,348.97,348.97,358.0,358.0,337.58,337.58,351.92,351.92,860643.77924,860643.77924
2020-09-24,320.72,320.72,353.1,353.1,316.67,316.67,348.97,348.97,1071705.09721,1071705.09721
2020-09-23,344.18,344.18,344.65,344.65,313.29,313.29,320.72,320.72,940904.49756,940904.49756
2020-09-22,340.31,340.31,346.91,346.91,335.34,335.34,344.21,344.21,842731.12878,842731.12878
2020-09-21,371.04,371.04,376.8,376.8,331.0,331.0,340.36,340.36,1283946.03098,1283946.03098
2020-09-20,385.25,385.25,385.45,385.45,365.0,365.0,371.04,371.04,693164.40144,693164.40144
2020-09-19,384.4,384.4,388.72,388.72,377.0,377.0,385.25,385.25,570908.33553,570908.33553
2020-09-18,389.35,389.35,392.58,392.58,375.33,375.33,384.39,384.39,804194.47219,804194.47219
2020-09-17,365.04,365.04,394.14,394.14,363.3,363.3,389.36,389.36,1256300.411,1256300.411
2020-09-16,364.05,364.05,373.45,373.45,355.0,355.0,365.11,365.11,841709.98939,841709.98939
2020-09-15,377.12,377.12,382.47,382.47,362.34,362.34,364.06,364.06,883856.33005,883856.33005
2020-09-14,366.43,366.43,384.64,384.64,355.73,355.73,377.12,377.12,1042059.62265,1042059.62265
2020-09-13,387.78,387.78,390.43,390.43,350.0,350.0,366.42,366.42,989195.69047,989195.69047
2020-09-12,373.62,373.62,388.57,388.57,364.73,364.73,387.78,387.78,766542.31635,766542.31635
2020-09-11,367.93,367.93,375.27,375.27,355.49,355.49,373.63,373.63,844017.59966,844017.59966
2020-09-10,350.85,350.85,377.25,377.25,349.91,349.91,367.93,367.93,1134287.61137,1134287.61137
2020-09-09,337.41,337.41,359.0,359.0,330.51,330.51,350.85,350.85,879760.56255,879760.56255
2020-09-08,353.59,353.59,356.58,356.58,325.38,325.38,337.39,337.39,1400246.82962,1400246.82962
2020-09-07,352.85,352.85,358.51,358.51,323.0,323.0,353.59,353.59,1740618.42462,1740618.42462
2020-09-06,335.04,335.04,360.0,360.0,316.1,316.1,352.8,352.8,2017811.14721,2017811.14721
2020-09-05,385.3,385.3,395.0,395.0,308.42,308.42,335.01,335.01,2777166.51389,2777166.51389
2020-09-04,381.35,381.35,400.21,400.21,357.0,357.0,385.26,385.26,1806488.22474,1806488.22474
2020-09-03,439.5,439.5,450.7,450.7,372.0,372.0,381.4,381.4,2408569.34151,2408569.34151
2020-09-02,475.4,475.4,481.39,481.39,420.0,420.0,439.5,439.5,1880642.46853,1880642.46853
2020-09-01,433.8,433.8,488.84,488.84,429.03,429.03,475.4,475.4,1751354.57719,1751354.57719
2020-08-31,428.94,428.94,439.0,439.0,418.04,418.04,433.79,433.79,1040748.68881,1040748.68881
2020-08-30,398.65,398.65,429.89,429.89,398.3,398.3,428.94,428.94,894979.71788,894979.71788
2020-08-29,395.1,395.1,405.69,405.69,391.88,391.88,398.65,398.65,659802.63344,659802.63344
2020-08-28,383.31,383.31,398.0,398.0,379.75,379.75,395.11,395.11,732601.46905,732601.46905
2020-08-27,385.81,385.81,397.1,397.1,371.48,371.48,383.27,383.27,877763.73658,877763.73658
2020-08-26,382.91,382.91,392.91,392.91,377.37,377.37,385.81,385.81,738690.7794,738690.7794
2020-08-25,407.68,407.68,409.06,409.06,370.0,370.0,382.93,382.93,970445.38395,970445.38395
2020-08-24,390.72,390.72,410.42,410.42,387.44,387.44,407.68,407.68,717403.81877,717403.81877
2020-08-23,395.23,395.23,396.95,396.95,383.15,383.15,390.71,390.71,445317.81989,445317.81989
2020-08-22,387.93,387.93,397.04,397.04,379.92,379.92,395.24,395.24,643235.76543,643235.76543
2020-08-21,415.94,415.94,418.68,418.68,385.1,385.1,387.97,387.97,860998.7256,860998.7256
2020-08-20,407.46,407.46,418.98,418.98,402.07,402.07,415.94,415.94,663555.73445,663555.73445
2020-08-19,421.92,421.92,426.75,426.75,393.25,393.25,407.46,407.46,978339.69221,978339.69221
2020-08-18,430.89,430.89,433.81,433.81,415.0,415.0,421.95,421.95,743254.57018,743254.57018
2020-08-17,433.61,433.61,446.0,446.0,420.37,420.37,430.89,430.89,868870.64996,868870.64996
2020-08-16,432.3,432.3,436.99,436.99,412.47,412.47,433.62,433.62,716666.25258,716666.25258
2020-08-15,438.12,438.12,442.94,442.94,427.02,427.02,432.32,432.32,681698.5971,681698.5971
2020-08-14,424.54,424.54,444.71,444.71,417.05,417.05,438.11,438.11,1109670.94324,1109670.94324
2020-08-13,387.18,387.18,431.49,431.49,376.59,376.59,424.54,424.54,1511330.7732,1511330.7732
2020-08-12,378.99,378.99,389.23,389.23,365.85,365.85,387.18,387.18,751848.7983,751848.7983
2020-08-11,395.43,395.43,398.21,398.21,367.0,367.0,379.0,379.0,992412.6023,992412.6023
2020-08-10,390.14,390.14,399.18,399.18,385.13,385.13,395.44,395.44,826969.90633,826969.90633
2020-08-09,397.05,397.05,400.0,400.0,383.36,383.36,390.14,390.14,594900.58133,594900.58133
2020-08-08,379.34,379.34,397.05,397.05,375.79,375.79,397.03,397.03,623029.78053,623029.78053
2020-08-07,394.77,394.77,398.26,398.26,362.85,362.85,379.34,379.34,1041207.35946,1041207.35946
2020-08-06,400.72,400.72,403.66,403.66,390.51,390.51,394.77,394.77,821379.08397,821379.08397
2020-08-05,389.59,389.59,407.0,407.0,384.11,384.11,400.72,400.72,1124119.0672,1124119.0672
2020-08-04,385.91,385.91,402.98,402.98,380.77,380.77,389.61,389.61,1180792.42379,1180792.42379
2020-08-03,372.45,372.45,398.0,398.0,366.5,366.5,385.94,385.94,1191565.09389,1191565.09389
2020-08-02,387.01,387.01,415.85,415.85,325.0,325.0,372.42,372.42,2324909.09616,2324909.09616
2020-08-01,346.32,346.32,392.67,392.67,343.07,343.07,387.0,387.0,1440843.34203,1440843.34203
2020-07-31,334.82,334.82,349.45,349.45,328.4,328.4,346.33,346.33,948088.44982,948088.44982
2020-07-30,317.76,317.76,342.0,342.0,314.05,314.05,334.87,334.87,1008827.56698,1008827.56698
2020-07-29,316.77,316.77,325.0,325.0,312.38,312.38,317.71,317.71,792802.32148,792802.32148
2020-07-28,321.95,321.95,326.8,326.8,305.86,305.86,316.77,316.77,1093231.55578,1093231.55578
2020-07-27,311.02,311.02,333.31,333.31,310.78,310.78,321.93,321.93,1636122.34727,1636122.34727
2020-07-26,305.31,305.31,318.75,318.75,299.0,299.0,311.0,311.0,1270368.753,1270368.753
2020-07-25,279.15,279.15,308.94,308.94,279.09,279.09,305.26,305.26,1058927.30554,1058927.30554
2020-07-24,275.31,275.31,287.34,287.34,266.0,266.0,279.15,279.15,926033.06692,926033.06692
2020-07-23,263.75,263.75,279.98,279.98,259.7,259.7,275.3,275.3,1068774.57879,1068774.57879
2020-07-22,245.53,245.53,269.61,269.61,241.51,241.51,263.74,263.74,718417.68296,718417.68296
2020-07-21,236.0,236.0,246.66,246.66,235.57,235.57,245.59,245.59,637462.08074,637462.08074
2020-07-20,239.12,239.12,239.72,239.72,234.05,234.05,236.01,236.01,396657.91938,396657.91938
2020-07-19,235.67,235.67,239.92,239.92,233.28,233.28,239.11,239.11,348803.52073,348803.52073
2020-07-18,232.66,232.66,236.8,236.8,232.32,232.32,235.67,235.67,341356.6182,341356.6182
2020-07-17,233.58,233.58,234.84,234.84,231.65,231.65,232.67,232.67,325600.21444,325600.21444
2020-07-16,238.59,238.59,239.39,239.39,230.02,230.02,233.57,233.57,587161.73894,587161.73894
2020-07-15,240.45,240.45,241.45,241.45,236.83,236.83,238.61,238.61,368350.66518,368350.66518
2020-07-14,239.5,239.5,242.09,242.09,237.0,237.0,240.44,240.44,426320.89188,426320.89188
2020-07-13,242.76,242.76,245.33,245.33,237.33,237.33,239.5,239.5,604093.04245,604093.04245
2020-07-12,239.19,239.19,244.0,244.0,236.52,236.52,242.79,242.79,469315.1172,469315.1172
2020-07-11,241.27,241.27,241.67,241.67,237.54,237.54,239.19,239.19,294476.00626,294476.00626
2020-07-10,241.97,241.97,242.16,242.16,235.72,235.72,241.26,241.26,455025.12385,455025.12385
2020-07-09,246.94,246.94,247.9,247.9,237.88,237.88,241.98,241.98,647641.58291,647641.58291
2020-07-08,239.39,239.39,248.88,248.88,237.78,237.78,246.95,246.95,958185.83708,958185.83708
2020-07-07,241.6,241.6,243.77,243.77,234.4,234.4,239.39,239.39,600424.97209,600424.97209
2020-07-06,227.54,227.54,242.0,242.0,226.93,226.93,241.6,241.6,864817.507,864817.507
2020-07-05,229.24,229.24,229.85,229.85,223.05,223.05,227.56,227.56,355747.12006,355747.12006
2020-07-04,224.86,224.86,230.71,230.71,224.43,224.43,229.17,229.17,307726.46593,307726.46593
2020-07-03,226.46,226.46,228.13,228.13,223.97,223.97,224.87,224.87,314578.5004,314578.5004
2020-07-02,230.99,230.99,232.01,232.01,222.87,222.87,226.46,226.46,592485.91115,592485.91115
2020-07-01,225.59,225.59,232.71,232.71,224.16,224.16,230.99,230.99,517351.58865,517351.58865
2020-06-30,227.98,227.98,228.7,228.7,222.91,222.91,225.6,225.6,415036.02977,415036.02977
2020-06-29,224.89,224.89,229.96,229.96,221.26,221.26,227.93,227.93,597915.52242,597915.52242
2020-06-28,220.94,220.94,227.96,227.96,218.32,218.32,224.93,224.93,444766.56881,444766.56881
2020-06-27,229.66,229.66,231.42,231.42,216.0,216.0,220.94,220.94,645950.61438,645950.61438
2020-06-26,232.49,232.49,233.61,233.61,227.75,227.75,229.64,229.64,628340.07007,628340.07007
2020-06-25,234.57,234.57,235.39,235.39,227.56,227.56,232.5,232.5,613748.59348,613748.59348
2020-06-24,243.15,243.15,249.24,249.24,231.07,231.07,234.58,234.58,921634.0534,921634.0534
2020-06-23,243.11,243.11,244.87,244.87,240.75,240.75,243.14,243.14,442296.31477,442296.31477
2020-06-22,228.03,228.03,246.89,246.89,227.51,227.51,243.13,243.13,749030.11114,749030.11114
2020-06-21,228.88,228.88,231.49,231.49,227.11,227.11,228.04,228.04,256305.23734,256305.23734
2020-06-20,229.0,229.0,230.85,230.85,225.62,225.62,228.89,228.89,303704.98826,303704.98826
2020-06-19,231.26,231.26,231.95,231.95,226.74,226.74,229.0,229.0,397284.59808,397284.59808
2020-06-18,233.82,233.82,234.65,234.65,227.93,227.93,231.27,231.27,334347.79917,334347.79917
2020-06-17,235.31,235.31,237.3,237.3,227.65,227.65,233.82,233.82,478187.2917,478187.2917
2020-06-16,230.86,230.86,236.0,236.0,228.7,228.7,235.3,235.3,499194.66758,499194.66758
2020-06-15,231.74,231.74,233.55,233.55,218.27,218.27,230.86,230.86,875026.92057,875026.92057
2020-06-14,238.13,238.13,238.59,238.59,229.83,229.83,231.77,231.77,304943.21188,304943.21188
2020-06-13,237.55,237.55,238.73,238.73,234.66,234.66,238.11,238.11,253797.7809,253797.7809
2020-06-12,230.46,230.46,239.38,239.38,228.19,228.19,237.55,237.55,446515.34124,446515.34124
2020-06-11,247.78,247.78,250.09,250.09,226.2,226.2,230.51,230.51,816456.89161,816456.89161
2020-06-10,243.79,243.79,250.28,250.28,242.0,242.0,247.78,247.78,431285.61715,431285.61715
2020-06-09,246.37,246.37,249.82,249.82,238.0,238.0,243.8,243.8,420327.17133,420327.17133
2020-06-08,244.57,244.57,247.7,247.7,240.59,240.59,246.4,246.4,383116.54719,383116.54719
2020-06-07,241.94,241.94,245.37,245.37,234.6,234.6,244.56,244.56,571102.55515,571102.55515
2020-06-06,240.04,240.04,244.7,244.7,237.83,237.83,241.94,241.94,389423.07798,389423.07798
2020-06-05,243.22,243.22,247.87,247.87,239.14,239.14,240.03,240.03,502547.41103,502547.41103
2020-06-04,244.54,244.54,246.6,246.6,236.0,236.0,243.21,243.21,669369.3392,669369.3392
2020-06-03,237.71,237.71,245.0,245.0,232.71,232.71,244.52,244.52,502928.13371,502928.13371
2020-06-02,248.23,248.23,253.8,253.8,225.0,225.0,237.71,237.71,955520.91863,955520.91863
2020-06-01,231.56,231.56,250.68,250.68,230.66,230.66,248.23,248.23,823816.69936,823816.69936
2020-05-31,243.71,243.71,245.39,245.39,229.58,229.58,231.57,231.57,821608.68884,821608.68884
2020-05-30,220.63,220.63,247.0,247.0,218.8,218.8,243.66,243.66,1019550.75146,1019550.75146
2020-05-29,220.24,220.24,224.79,224.79,217.57,217.57,220.67,220.67,603058.0759,603058.0759
2020-05-28,208.29,208.29,220.5,220.5,204.67,204.67,220.21,220.21,643945.97769,643945.97769
2020-05-27,200.92,200.92,208.44,208.44,200.76,200.76,208.29,208.29,494816.72727,494816.72727
2020-05-26,204.22,204.22,205.0,205.0,196.9,196.9,200.89,200.89,477176.7353,477176.7353
2020-05-25,199.9,199.9,205.67,205.67,198.01,198.01,204.15,204.15,469931.62492,469931.62492
2020-05-24,206.6,206.6,210.55,210.55,199.5,199.5,199.9,199.9,673535.05784,673535.05784
2020-05-23,207.36,207.36,211.2,211.2,204.55,204.55,206.6,206.6,478559.92006,478559.92006
2020-05-22,198.72,198.72,209.19,209.19,196.24,196.24,207.36,207.36,787672.36081,787672.36081
2020-05-21,209.99,209.99,211.64,211.64,191.71,191.71,198.74,198.74,1003923.4342,1003923.4342
2020-05-20,214.6,214.6,215.75,215.75,204.27,204.27,209.98,209.98,679532.61037,679532.61037
2020-05-19,214.92,214.92,215.95,215.95,209.45,209.45,214.58,214.58,643702.98849,643702.98849
2020-05-18,207.02,207.02,217.07,217.07,207.0,207.0,214.91,214.91,1064139.2485,1064139.2485
2020-05-17,200.44,200.44,209.85,209.85,199.68,199.68,207.0,207.0,708711.89315,708711.89315
2020-05-16,194.87,194.87,203.5,203.5,193.21,193.21,200.45,200.45,669900.03754,669900.03754
2020-05-15,203.29,203.29,204.08,204.08,191.66,191.66,194.86,194.86,904749.6357,904749.6357
2020-05-14,199.61,199.61,206.02,206.02,195.67,195.67,203.29,203.29,1114700.24937,1114700.24937
2020-05-13,189.77,189.77,201.0,201.0,188.35,188.35,199.58,199.58,806143.00704,806143.00704
2020-05-12,185.8,185.8,192.24,192.24,185.48,185.48,189.76,189.76,669755.79567,669755.79567
2020-05-11,187.62,187.62,193.5,193.5,176.0,176.0,185.73,185.73,1093299.81927,1093299.81927
2020-05-10,210.09,210.09,210.18,210.18,179.59,179.59,187.54,187.54,1473226.05475,1473226.05475
2020-05-09,211.32,211.32,214.6,214.6,208.4,208.4,210.07,210.07,587871.98073,587871.98073
2020-05-08,212.01,212.01,216.61,216.61,206.9,206.9,211.31,211.31,917908.1944,917908.1944
2020-05-07,198.92,198.92,215.1,215.1,196.43,196.43,212.0,212.0,1305778.73764,1305778.73764
2020-05-06,205.3,205.3,210.77,210.77,197.71,197.71,198.97,198.97,862700.67849,862700.67849
2020-05-05,206.47,206.47,211.68,211.68,201.0,201.0,205.29,205.29,640644.66268,640644.66268
2020-05-04,209.86,209.86,210.65,210.65,194.88,194.88,206.48,206.48,1114249.32658,1114249.32658
2020-05-03,213.89,213.89,219.3,219.3,203.92,203.92,209.86,209.86,748383.91311,748383.91311
2020-05-02,212.01,212.01,215.37,215.37,210.36,210.36,213.9,213.9,443494.67248,443494.67248
2020-05-01,206.07,206.07,217.14,217.14,205.91,205.91,212.02,212.02,794913.95828,794913.95828
2020-04-30,215.4,215.4,227.3,227.3,202.0,202.0,206.08,206.08,1749691.00151,1749691.00151
2020-04-29,196.24,196.24,218.77,218.77,196.22,196.22,215.36,215.36,1620422.72431,1620422.72431
2020-04-28,196.33,196.33,198.5,198.5,192.36,192.36,196.24,196.24,636829.89397,636829.89397
2020-04-27,197.39,197.39,199.05,199.05,189.29,189.29,196.34,196.34,896627.37271,896627.37271
2020-04-26,194.21,194.21,200.0,200.0,192.3,192.3,197.38,197.38,758525.81533,758525.81533
2020-04-25,187.6,187.6,198.36,198.36,185.76,185.76,194.21,194.21,866478.04928,866478.04928
2020-04-24,185.57,185.57,189.8,189.8,184.72,184.72,187.59,187.59,780904.21257,780904.21257
2020-04-23,182.7,182.7,193.63,193.63,178.16,178.16,185.51,185.51,1457867.08713,1457867.08713
2020-04-22,170.73,170.73,184.0,184.0,169.78,169.78,182.7,182.7,988698.39076,988698.39076
2020-04-21,170.21,170.21,174.7,174.7,168.0,168.0,170.74,170.74,906381.65398,906381.65398
2020-04-20,180.02,180.02,186.46,186.46,166.7,166.7,170.2,170.2,1547821.52737,1547821.52737
2020-04-19,187.4,187.4,188.35,188.35,175.75,175.75,180.03,180.03,995759.5775,995759.5775
2020-04-18,170.61,170.61,189.54,189.54,170.48,170.48,187.4,187.4,1127296.36979,1127296.36979
2020-04-17,172.31,172.31,174.96,174.96,168.31,168.31,170.69,170.69,723537.75591,723537.75591
2020-04-16,152.74,152.74,174.79,174.79,148.33,148.33,172.29,172.29,1647207.59991,1647207.59991
2020-04-15,158.46,158.46,161.29,161.29,152.0,152.0,152.73,152.73,729119.66505,729119.66505
2020-04-14,156.28,156.28,161.85,161.85,155.23,155.23,158.45,158.45,698030.65089,698030.65089
2020-04-13,158.56,158.56,158.97,158.97,150.0,150.0,156.29,156.29,1042091.03622,1042091.03622
2020-04-12,158.33,158.33,164.78,164.78,155.0,155.0,158.59,158.59,809100.24594,809100.24594
2020-04-11,157.81,157.81,161.37,161.37,153.91,153.91,158.33,158.33,621599.61289,621599.61289
2020-04-10,169.56,169.56,170.1,170.1,152.11,152.11,157.81,157.81,1314841.362,1314841.362
